03F504F7FD0A03F7F90AFF01F8000402
FCFDFFF700F9FBFCF6FB05FF0505FBFC
0AFBFCFEF901FBFBFDF7F5040209FEF6
F9F7FF0A07FEFEFD02F7F9FE06FEFA05
F90A08F6FBFCFEFAFAF60B000905FB08
08F9F8F80005F7F6F702060BF90BF7F8
F6FCF8F704F80106F8FDF8F8F908FAFE
02F6FDFF08FB0506F800FE05FEF70807
01FCFC17FD010602F509FBFD0105F70B
09FEFB15FAFBFE2806FDF809F709050A
0607091400F30817F1090122ED050809
E2000911DAFE0516F70C0414F108FF1F
F9FC0116F6020112F2010002EA03F71A
030207F809F6F6FFFCF6F9F700FD06FD
F5F20B01F70A00F90506FD0B0205FA00
030E001209FE0A0605F6F408F9F50612
03F6F31709EEFF100BE0F017E9FD0721
10F0FB17FDE4FC1003E6EFFB12EE000E
F6F9F806DCF20611E1F4050AFC030C0D
F1F40104F4FF0B16E002071CE0FEFFFE
F8FA0008FF08F608FE02FCFD04060404
13F2060D15050AECF6FCFEF702FAFC0A
E9F4FC05EBEFF508E20600040502FCFA
01F0050B00F4030901F3030CEDF3020E
F9040406F5FEED19FEF8EC08050300EF
E9071709EC0608FFFC0111FCF6FE0D10
ECF9FF00F7EBF506E0FD0405CA18FD06
FF0904FCFF08FBF9F90106F4F0100502
000E04F315F80AF908FBFE080809FC01
06E4F9F50DE1F2F70CEE03FF09E20D03
F4ECFFF1FBF30DF500F10E0C1BE10201
06FBF9F503F1FD0400E5EEF8FEECFBEF
E7EB11FEEE0EFDF5090003F70CE80304
CC0419FEF209FEF6EBFD15FEDE030A0F
01000112ED13FD04DC0210F6DC06FDEC
0A040EED09F700F809FE030605FAF807
11EE07FB05DC05FF0BDD0AEE1CE7FAFC
00E7ECF1F0F60402F8E70B1701E90D15
14EAFE070FEFEC0803FEFCFD11E7EAFB
FDF700FD01000A00FDFCF0FC14E8FAF6
D9130F04FE020DFFFD090AFFE3F51302
F90E0913F208FD0BEA2612F2DD0B18FD
0C1314E8E911FE0EFE010AF9FFFDF9FC
F6FD0B0402FF04FFF10606EA0B0608EC
03FFE907FCE9F6FAF3E30505EEFD0410
0905EF040601E911FEF6E80DFEF4F306
EBF0EE06F500EB0009EBFF070CED0013
D6FC1E04D2142200E00F05F4DFF70EF0
F0FE0008EA0803FAF01BFBEDD31314F5
160F0A03EA05090BEFF3F9FFFAFC00F9
EB00010AE2000306EF08020A09FC09F4
F904F304EE060A09F4F00C04E9FB0D09
1104FF11F6FCF70AF70DEF03F202EE10
F206EEF9F20DEC0F1E02F902090CFF1B
D91517F6C20B12FBCB0D06F9D906F500
EF02FE02F51108FFFC1504EFDB1212F1
0CFE01EBF70B0705E00E0304F909FA19
F40F1108EDF70F00FA0E02FF08F409F7
E903ED0BEA050306EEFDFD0DEE021106
1B12FC031206FF0E0307F610F211F509
F404FE0BFE14F4FD0F0FF3FE2105F20C
E1191BEECB1405E0BC0C08EDC615FFFE
E716F6F3030F07F5FB1807E2E12503FB
01010DEE06F903F7EB0AF6FCF605F5FB
F3100A04FC0410EAF80A0E17F9160F00
FE16090EF60FF715F4060605FB080506
3C12FCED1B0DF9FA0B14F2F0081E00F9
D101FA0BFE16F1F92510F5F82C0B00FB
E6151DE0D1180BE5CB0FFBECC0FF0D00
EA08F705FB0603F3F11417EAD73E11DC
FB100605FA0A0A05FF17FE00F708FA06
FFFCF8FF0C1000FA07090C09FD101200
022A0804FE100AFCDF09F909E601020C
3504EFED23FCECD50B13E6E10D18F8F0
D211F900E80CF9FB2702F8063300FDED
F7070BEFDD0DFDE2CC040AE0B902FEE9
040BFFFC0815F5F1FC0612EBE9220DE5
050B07001717100F0C190713030C000B
FAF700F6FAFEFFF6F101F9F3F60816FB
141CF9F3031FF101FF00FC07FAF0FCF4
38ECE4DF1CFDECD4190FE5E3171AF7F1
BF14FA05D016FCF10BFDF2062EF2FBF6
ED06FDEEE904FEE2E90607FBC601FC04
050C09F6FE1AF7DF00F9F5FBDC18FCF3
07010AF3FC190FFC0914FCFDF6FAFD04
02F605ECFD02FEF7FDE702F5FFF708F2
0C1DEFF6041BF2ED000B020207FE07F9
27ECF0E81EFBF9D9190DF4DE061801F2
DB07FE01D4FCF0F505F1ECFB24E4F1FE
FC080EDFE202FAEDFCFD0AF1DCFA06F5
FAF704FEE40E02DCF202FDFB0A04FBF7
110CFBFBFC1CFB0FF616002310FBFFFA
F6080BE30A0A02F7FAEF07FAFCFAF7FA
F91103070B15F9FD080BFCF1F6F501E4
27DBF4FD07F5F3F214FEF9F9FE0AE901
DCF2F10EFBF3F70407EFEFF729DBE804
00FC0A01FA0205EBF405F7FC04020206
10F1FF100AFFFEE3001004030F0EFBFB
1A01F2FD0C0E0B0FFA11FD02EF020512
F600F8EEF4000DD9F6F90AF7FDEDECFE
F20AF504F413000CF60BF704FFF9FDE4
17E2E8F90EF2E5F00AFCEE06FAF4E609
EFF5F608E1F9F009FCECFDE611E1F6F5
0D1CFFFD060A10F804060EFEDEEC070E
1DF3040F18F3091610FBFC1C062DF103
0BFC07EB0B020CF5050CF609F00204FE
F900FFFEE60920E3F6040DE70CFDF7E9
F6FCF708E905F30C050A0802FEFF00F7
12DDFCF622E4FBF309E1E8FBF905F90F
E3F80806D6F30909F3E3F9F915D8F9F6
0E190FFC0700FFFC0905F50C03EBFC01
05F0000B19F8F50512FCF8280A1CF80B
020418F70D0804010D0E0205020DFB06
0DF50BEA06F512EBF707FEFB18FAF8F2
F6FAFD0CF6FFFB101102FB0A0B05F7F0
12E5F7F212DC04030ADCFBFE04F00502
F2F80BF9E7FBFDFAE6E6EF0DF7DBF409
1B08F9FE0406FCEB0FF70BF4FFF9FA05
11F20A1025EC062310E8F9390912FD06
EC1510EC24E505FA07050300F7F6FEFF
09E60BEFF0F20FE1ED02F8EEFCFAFEF7
F6EDFA12FFF9050802EF040310F7FA00
0AE2F0FA17D8FDF60BCAFFF6FFD7FF0C
FBFE01F6F30307F7E1FC0407E8EEF9F5
0C1206FF010C03F40CF101FF000304F3
1FF4F7160FE7040007F3F2321A050803
F7FEF7EA16F002E9120007F7F603F604
FAE7FAF7F1F6F7D9F40507E0F1FF0EF3
ECEAEF01FAE5001D0BEA070C02F1F70D
EEF1FAF9FAD8F3FC13CFF50B02D4050D
FCFFE9F9FB0BFA0AEE00F4FAE3F7000B
06F505F4081407EE0E08FCE91504FAEC
11FD0A0601EBFC1A1BF7022A16FA0012
1208FFFAF2FA0307EE060705FB0202FF
FA0007F6E8FF03E8F9FF06E71D11FFE7
F8EBEE1FFDF1021801FDF50AF80B00FC
F8F1EFFE08F9E90A0CE6ED01F7EBED10
0300F2EC070FF4FAF109FB03F50805EB
F6EDFC05F7F60105FAFFF0F707FCEFEC
14FCFA080CF1F80310EF03260F041106
F2FC040402FBF5160EF9030506FAFD00
FF0401F6FA07FDEEE3FC0AF3061402F3
0CFFE91DFCF7E211F204F009F317F1F2
F3FBFD0EFF00E913F606F614FE14F21C
0BF6F0F002F7F4EC0113F6F2FE03FDF7
E5F1FFF8ED02F9F5F9F703040FF8F0F9
0D05F6030C000A1008F1F60CFCF20A01
FEEF010610F0021A18070905090A03F1
05F6FCDEF30502EAF30200F4FC090405
FE05EA1DF704EA170000050A0607FDEF
F4FB0709FF0204200007FA13EF0EE91B
FEFDFBF90B02ED05FB00FFF2F606FAF9
D8ED0508DF040D1DF1F6F7FEF4F0F6F9
05F7FF011803FA2007FCEF14FEF20A0A
26F4F51A11EFF810080502070E07FBF1
FDEA09F8F8F30EF3F405FBF803FBFAFA
FF02F714FE020415FEFE000CFFFDFB02
F706FC0A0208010B0000FB12EEF6FA16
12FEF9FA110CED020303F7F6F2FBFD1A
E7F60C0AF0FB05080EF800F7FBEDFFF9
F8F7F9000D0409FD05FE02F6F5F00804
0BF6F3F4F7FC02ECF9F909F80007F802
09F6F6FDE3FF01ECDD0CFAFDF105F6F3
FC090CFE031B02FE0C06F8F4F9FE00F4
F90004120206FD060B04FBFD06060505
170100FE0B0B05F9181B01FE000DFC01
E8EF14FE08F203FA08FBF7F81700FEF9
060602060E0403E3000501F6E703F9F3
0F0AFFE9FBF8F80908F7010B08F7F905
0B07FFDDEEF302E5E4090809FF19FC05
07020CE7052308E5F61FFDE6F90BFCE2
F4150219040A060EF90A0508FE190204
1D0AF6ED18160100F724FAFCFA0DF40C
F0FD0DE208050CF21B03F6E12FFE0CF1
F5FCFCFC1001FD0306FB040BFA01F817
0A11050FFBF2FEF00BF7F7FF03FC0303
E609FFFEEFF002F2EEE50AED0105FD10
F4FB0CFEF4000FF0FE1203FEF70A0406
DF0A0913F6FB00FFF40DF1EADB06F0FB
E52501FA040E07F8EE0511F2E0181AF8
FE030CFEFE150407F717FC1001120204
0A0B00F80601FC120004FB0BE101FCF7
FB03FEF3F9FBFF08F70BFF050103F701
EBF1FE18F6E6F9F800ECFAF8F4FEF8F8
E0060805E2F9140AEBF7021BEBEA0514
DA05FC15D7F80306B8100300B7040BFC
E223F4FDFE0F0EF5E70113FEC515081F
EF180402DE2401FBDA04F9F3EB03FDEA
FAFF05010BFFF90505FCF6080005F6FA
08FB0BFA0A0AF9F60607FC060408070A
090202030326FB0E0C13F8FFFDFDFF09
F508050DE4270C1DF01A010DFC140406
EAFD2221DEFE150EE01F0400F5FD1111
11FAFD0300020900FE100F0DF4FC1515
F80E06000718F5FFFB17F5F9130DF6FE
09F50905F608F5F50AF7F6F60508FE06
F802F5FF05F90BFA0802F80306F7FEF8
0406FC03F7F5070A0705F8FE08FD0003
F6F605020305FDF70B09FFFD040001FC
010503FE000FFD04FB04EE05F6FB0200
FA09F80506FC030B00FAFBFBF6FA00FC
07FC0B0400000B02FD04030304FC02FE
F9FF00FCF509F907F7FCFC030AF7FE0B
0208F708040BFD0409FBFCF70AF6FBF5
01F0F5EE08FBECEF03FCF5090306FF0B
0806EB0102EDDDF60FF6FBFB15F8F1FD
1802F5F80D03EBF822E7E1F31BEFE5F2
04EBE3FE11E6DC07F9F5F5F7FF05FEF4
0304FB02F707F9F30504E9F6FEEAE603
0504F9FAF503FDF605F705F602FFFA02
14F31005F9F908FC090AF907FC070508
0104F6EDFCFEE9F004F2FAF00603FFF6
F609D3F1E907EBDAF10FEDDDF30AF6DE
17FCCBE40DFFD7E709F5CEE9F409C1E0
24E5C4F920DEEAFF26E9E8FD2505E2F4
0DFAEB030CF4E7F006ECE30318D6DCF9
01F9020AFDF6050A02F9FDF700F3E6F7
2008100B10F203F7FC0306F6FD00FFF9
0001D8F4FC08ECF9EE0EEBEC0E06FD05
CEFEF8F7E40FEBF1F204F00901F1DA1B
0D05E7DAFB06CFD1EBF7CCE1EDEDEBE5
0FF3F4E724E5FCF022DEFAE21EF2E1D7
FE07F4E8FA10FCFA020DFB01F704FFF3
08FFF8F6FAFE03F802F208040C01F6F4
00FEFE14190200FDFAF905FB06FF0AF6
FBF1D608FB13E615F40DEF0204FAF124
F704FAF700F8F4FC0600E7EBF2F0DCF9
19F8E6ED0007D8E700E7CCFFF0EBF2F2
FBF9FB0E09FB02FBF00201EDFCF3E9E9
F90718180606250F0A151701F6FEF2F7
06EEF70A0D03F80827F1FD1F08040528
E2FFF608FDECE1FF0A070700F6F70203
F204F513ECFB0023F3F90F29EAEAF317
11F9F3EA0514ECE40A1402F3F9260BEB
180CF3FE090EF7F901F405FB0B01F9F4
FDECD30EF4F4EC0604F6EFF0110CE2F0
10EEEB0800FA00F7FF02FBF0F6EFE0F6
FB0CFBFB04E8DE010CE9EA1305F8FC20
EA08161C08191702F704040B06FDF9F8
EA25FC08EC170B10E70E0DFFE9080016
0D070C140F0A050F01251008FB300DF3
0C08FB0A06120208FD00001A04F9FEFF
08F2E9F007FCFAF5FFF20BF3FBEDF602
0EF2F2FC07E505F110F5FA0213FAEDF3
FB00FBFA25F9F4F639E0DEFE1DDBEB02
DC0C0F08F71A0F09EDFE051D050409FC
F8100A0FE80A090EF606FFF3E704FE13
11F50A0E0F13060E11180E0AF5240A13
00E9F80DFEEEF81FF702041002F4FB17
15EBFBF914EEFCEC18EF13FE0AE30602
15F607C910FCF8EA1AE7E9F91CDCF6FE
FDF8FE0C23FAF2072FFCEAF910F108E6
E806FFFBEEFE1301F32A100B0B0015FC
FAFD0B12F802F70BF60AFFF8E3FF00FA
FA060A170014112404160C17FF170713
0DF6100EF5030F10FF0A0808F6FD121A
FFFCF0F5FD020EE0FDF90CFAFDFB0CFF
13FFF6DE080500F31DFBEFE924FAEEF0
0509F3021901F1F50E1DF6F61012FAE6
0106FAF4F50DFBF9F6061C03F0040C0F
F7040E1802F1011FF8FC0413FCEC0D15
020A0721F0110622FF11010DFE04071E
F5050A17F5080B24F50D041FF2180817
C700FFF2DB1101F6D60615F4DF0D13F1
EF1301E6FF0C06F0F7EEFCDEE9F904E4
10FF0E1C0CF5F3070923F00B0727EDED
1202000BFB1203F5FDFB00FB03070B0E
FB080011D9F7F922EFF6FE1502EC0907
FBF70817F407FF0EF903000AF407061E
E9230F06F1180F0AFA1F0D15F60FF912
BB0F0BECC30D03E9CC0614F6E31B03FA
C21FE5F2D10208E5DA0605EDC6040FDD
0BFD061B1217F11C021C000AE525F705
F404120A02F11212FC001D0AFC1105F9
02F7030FE0FA010BF5ECFA0CF3E2111A
01FB050AF6F407FF01EDFC02F7FCFA10
FB160109FAFE010EF9FB0F0A00FA0AFA
DBF002E7E8FE0C03F5070A11F21402F6
AE00E709C8EE0706C7FD01EDC9F903ED
110C09020407EE17FB09ED12D101EFEF
F8FA0A04F3FF1210F101060904FA0408
F4E1F3F8E0E1FE09EBED0612E4DFFC19
07F003F708DEF9E503DCFBEDFAF2F6F2
10FE1306FADEF3FAF3EDF7F5000406F3
EFF90F0207030D10F6060F0CFB0C0AFE
BCDDFA06CDFFF9FFC2E9FDF5E0F40CF6
060D080605FA1212F5F6FAFEEAD0E9E0
EF0306E4F0051E03F10F0E0916EDED00
E8EDF7FCF1EDEAF8DDF6E807E7D4FAFF
090B0CED05FF11F2F6F20CF2EEDBF9ED
0DEE020011E60510FAE9F7FD05F308E9
12E907F206FA1705FCFA08000A0702FD
DB04FF05DD0D010AE40B0206F5F006F2
FD17F609F418FE19FE0B01FBFCF6FC03
F9FEF903FB01090B0BFC1407FE04F6F0
E103F5F4DAF0F8EDD400FAECEBE0EDFD
001217F00C1901F4FDFB0AF0F4F70DF9
160304060EF4F80AF6F8FA0704091CF6
0EFA08F706081206050D0D0506F6F300
F41B0B12F316F90EED15F9100BF60E0D
F218F30EE81CE81DF72AF5F405160502
F702000703F705060BFAFB05030DF6F1
D90103ECC820EFF4E10BF8F3F006FADF
0017130601120C05E6F8070DD801FE00
030D09FF0702FB0F0B00000C13060300
03FD02FE101609FF08FF1A010CF90300
E91B1501E2121C0BFF1B0A0B09030511
030BE807140DF4FEFE16E4E7F914F519
E9FCE7FA04F2FE110604FB0302FCFD06
E30A08EBD20E0006DB0505DFED08FAEC
0D010810F5FB0E12CE071200D10210EE
12230FF20EF5030710EFFC090AF305FF
02030903090F0307FF1815F8001D03ED
E5220503F4290805F326040CFD1E06FC
0516F202F624EB1EEF0DBFF5F213F115
0FE0E4F4F7F5FC1006F4FC05F8FD00FA
F3FDFB0DF70600F8E6FCFBE9FDF7EFE5
E7F707F4D2010FF9D30C06EAD9FD07FF
0B11120000FF060BE5E50B00E8E00FFD
FF0F04040F1304FAFFFF0A0C000411F9
E3170908F120110C042C0B00F320F908
FF17FE0DFA14F912ED22E80C0D1FF900
21E4F0F6F50A0607FDFD090001181509
01F5FAE91202E702FB05EAED0FE3F0E7
C9DC09E3DDFEFBDFE50CF5EC010AFCE6
0D05F7FB0F0AFAFCE2F805EDC6E4FBDA
F9EAEEFD11E5FCFE11F50806FDFA040A
F800E307EE04F707000303FE0704F408
FCFAE717E90B1514E811ED040CFFD10D
2AF8E2ED030F1CF8EF131F12FC0203FE
0EEFD4EC1DEBDBEB11FDDCFA11E6E8FB
FEE5E5D8FADAE9E308EDEAE01204ECF4
1103FE000E06F8F2E70EFDF7DDE9F5E3
0DC7F10B15C4EC00FFE005FE03EBF505
05E4BA180AF6DCFF02F7FAFF0CE1F6FE
F1F6EC0CE909E603F506EE1607F9D51D
19EC01F3FE090BFFED0211FB04F808FC
0EF8D6EA0BEDD9F409F3DA0519E7E1EE
FB10F5E20507E0E61800E7FA27F7E7ED
1404F5060D000A08F314FE08EE1AF4F1
08E0F70F15D2EB031DD00E091FE6FF09
0CE9D31007E8E00E05E2E60F09E7F003
08FE080BF700EC0E09EFEB0FFDF2F126
04F9FC0DE6F6FD15ECF0F80A0AFA0308
0FE7E5F812F9EAFE26FEE70712E4FF07
FB1CFC080913E8020101E9F60FF6E405
15F1EF001005ED060811F30A040E0003
03E2F1050BE1F80611ED01F71BFBF910
F1F0FB0FFDD9F60901E0EB06FDD1EB06
0B00040104021907FFF0F51507EBF81E
ECFBEB0BDFF7FB0B040601F9F7F9F706
F0F20202F8F800FE06E5F50F04E0F925
FE0DFA16EE0AF50AFC17E7F803F2F0FF
0C00FD08F906F105FA17E8F6FB14F10C
FFDBF4FB03EEDAFE0AFEF0FE040105F9
F1F0EF0CF7E1EF04F3D6DDFAFEE0DD03
FAF700FA030302F9F0F8FB1EF603ED20
FEEFE10AEFF108190AFD0103F607F9FD
EDF80F0100FD18FAFDE3FE100EE70D1C
FF0AFF1A00110010F90EF710FB04EF05
03FAFEF9130401010201F204FA0AEDFC
FFF2D8F8F8F7E0F611FFE6F00A02F8FA
FBFAF50FE9F4DC02F5F8E7F4F2FCEAFE
F7FC060409F2E903F4E8010FF1EA0021
FF14162000030D0AF50109FCFA0AFAFD
FAE810F905FC26FFFAEC3402F3FE2214
FB04F6FA03FFF804FDFDFE01EB020708
FAFFF7F70505FDF008F9FFF7FFF9EEE9
F413E105F80FDDFDF70EF90BF20401E7
FFF6F912FE02E9F3F30EF10B010DF00E
080AF504100BFD01F600F113FF18EC14
05140FF9FE05FEFB07F7F7FE000606FB
0409080DF8F90C0CEAEF1E0DFAFD210A
050208FCFE0801FE01F9030FF5FE050E
050303FF00020E0C14EF001803090709
07F1EE23F2FFFD07F60CFB00050B0FFD
0AF8EB020A10E408FC07D60DFCFCD624
FA09F607FA03EE06FD01FD020FFEEB02
02FAF7FCF7FBFCFEFB07FE0001020101
05F304050EE8FA0F07E2EF0107DDEBFC
0BF800230FF516311C12142020040C09
1FFC08240AF91339FC08123206FEFE21
04F0063324FAF6132BF2FE2024030733
16F4EB280402FA22FEEDFD1F09E8E82B
FFFBF9FB0A01F800F705FDF7FCF9EE16
F803070006F509F906010501F805F903
0AFCF005FFFC03FC080E1F0E000D080A
00F6F60FF9131D040604040001FEF308
19FDEF0B14E702270A1A0C0D1103EE1A
FB02F8FDFF07120F060E1E1F03FFFD10
F604020C0803030FFDFF092108010104
07F6F6FC08FBFEF50504F90700FD0906
FBF9FF000803020300F6F9040608FD09
05FB0704F503F603FCF902F70403FDFC
F7F806FBFD0006FFFE08FF040AFA0507
FBFF0309F7050912F5FD0102F6F6FEF1
0105FFF90B02F801F608FD0407F9FA07
0AFD0AFF0B060602FF0206FB05020205
00F9FF080BFCFF00FDFEF6F8F7030600
FF04F50102010505F6060704FB01F8F6
FFF805ED02F402F3F7FBFF080002F606
0302F4FCEBEDFFE1070208F1F3FE01F6
F0DDF2F1FBEDF9F8EBE0FDE1E8E6F8E4
F60B02F203FD04E7F9E9F9FDFBDB04F7
FFF704EDF8FFF8FEFD04F5F3F809FCEB
FDFB08FC0AF5F804070A010AF506FCF8
FFF3090106F8F5FE0304FA0700F8FBFC
F6EEFBEB00F402EEF202F8F8F3EC1DF6
E8FDEBE7E2FEE6E4FCF1E0E808F0F0E6
E4EEE60ADB05E7F1DF08EDE6DC0DF8EB
F3FF05F105FD00F6FB020619E4F9111A
F8F5FADDF40D0DE8FCFF05FBFD070CFA
01F80804FA0A01090D0B070401F704F1
ECF10403E6FD03FCF905F9FCFD04FB00
E6E4F3F2F1FBF1F902E2FCF8FAE604F7
EF0CF5FBF8FEFEE5F406F7E4E7F4F5E8
04F41C19F1131B1BE1041CFFE4FF11E9
F6E60C1801E91226F8DB3A2AF2E8301C
13F10ED50504FFE816F60F04FCED0F16
0AF7FA0100FD05F812F40BF407F207E6
F2020B13F4FE0CFD06090AF9F706FC0B
FA01FF0DF5FDEE05E710F5FAE4EEF6DE
0019080C0F350A1807130BF1EE0718FC
0FF3151BFBF301FEF815050310190005
1408141F13F2240C13F0211B0A041024
1D1916E7190C18F61D0B020808030A12
F20903ED170DF3001F1100F2231FF0FF
ECF8ED29F100000906000802FAFEFF07
E90E0116E9F70710E8FE0311EFD6FB06
0807FFFB0B09FFFF0F1606F7070B0F00
F8E401EBF6F9F9D1FEFAFBE3000AE906
09FE091214F1FD1213EB040D16E1FA0D
080E0E0316FC0B1121EE08101BFD0D0B
FD05F4030BF1F4EE26F8DBF51B0FF6FE
FC0FFC0D010A0001F6000CFC01F5F9F9
F6F60502FCFAF31A16140B22FBFB0010
0707F1E205F8F1F50CEFF3FD0CF6F3FF
F0E402E2E807F9D9E60806CEFF0EFFE6
FEF50A0F07F90C0D0BE1FDF4FFDD02FF
0513F318FC100804EF0F06080F0E0505
F605FCF30110EE0011F5DAFD040AF707
00FE0210150E00060715FD0FFDF902FC
FFF1100401010C0511FF1627F103FC23
F60C0A010AFC21FD13000EF212ECF9F7
FCE6F7D5E7FEF6E1E9F4FADBEE100CE8
06F717050AF213FB08F613FFFBE804FD
1200110503FAFE12FDFCF900FE0CFFF9
FD000BF3141BF80A090BF0010E07F50A
03030C1510131301FE1702FD00FC0C04
00FB1AF70AF10AEC09FA1C16090CFD11
101E0C0B19032000150011FC18EF1BF2
F2ED16ECE2EE17D7F7FD14DF020D1201
06EC0C00F9F8120501E6111502E30DFB
26040F0E13FA05FB120AF3F90606FD04
12F5EEFD1819F209040CE219160CFD03
FD02FD1009F6FB11FB2206010C1404F6
FEFD14ED07F31FD707FF0CF5060A19F6
1D2814FA1D091303160020EF0CF406ED
F7D206E1E9F104D5EBF819E806241AF7
FBFF12050303FD0C00FC0EFCFBE70711
191A120A0910FE1311100A07FFFB1507
F7EBF91B1610F31A1319011E191E0B05
FEF0F3161308FA18F7210A090D061609
08FA00EA0FF501DE12FDFEFC05FD00EF
152F15F812180CFF16030CF301F908F7
EED3F6F5E4E1F6D7021104DC113008F8
F5081009EEFE0E0DFAFD110BFFEEF60B
FD100BFB021B0B05FD18FFF603210902
F51204080314F61D010FFF20FFFF0915
FEFFEAFF061210F5FB230AFF00111704
16FBFAF50E0201F02507F4F41700E1FF
163B12F90F2E14FC181808EA0301F7E7
FBD4DDFCF8D6BBDBFBFECFD31045F6E5
070CF706EE0E11F7F5050011FAE4FC0E
F404F9E9F314EED9F803F8E00316FBEF
FE1A030308190309FC090015080B19F2
1505ED060107F9080B220D0507FFFF09
1B1C00F90F0E04FA1D1BF3F70D07EBFF
FF450402FD3B0F05192013F7101F03E8
FAE5EDFEE8CCC6E207EFB3E5FF21DDFC
07FEF1F5F41010FFF503FB05EC05100B
EDFAF8EAED0CF8EDFC07E1DBF60DFEFC
FC07FF0E0E1CE70D07FBFA120B001906
2200EA0F2C2024FA142B25F506020202
0B1C0C0507160F14140CF2020206E6F3
F92DF405FA2D090704251A05031A1901
05ECFCF203D8D9EBF3DDA7F3E90DC9F8
04EEE10B0A06FE0BED02FCFEF7F50B05
F108EE06F806FFF8F6F8F8EDFE05F1F7
FF01F815FF09EC0AF3E901FAE904071B
0FFDFB03201C2305040F0D01110B0309
061311FC0F0E0E1020220F110C040413
EDF7E217F40E1010E21F0E14F41517FD
05FD07060ADAEA0D03C9BE14F3D1B41A
FC01E7FF07F5EFFE0002EE0CECF1F6FD
001E0D13F603F609EAF8EEFEF801E9F9
12F9080D0906FF11F6ECF313DEF61617
F8180F2A06261C1BF508FC0D0A15070D
F5131D15F815071B0219181A090BF91A
E5F3D00CDF06FC0CEB050111F50B0213
0507FD13FFE1E8240BC2C42407C2AB14
F9EFF20705F3E505ECFCFA08F6FFF20C
090803FD07120C0AE8EEF510EFEC01F8
FDF90101FAFBF51305DCFA02FAEE0811
FF1A1833F80F1B1BFA070006FC07FE01
CE042703DE0E110ADD0B160EEA030119
E9C6D004E9E9E204CFF700FACF041C06
060D031610EEED111DD3D40E0DC8C711
08EDF40CF8F8E60DFFFDFFFFFD010211
150B0AF8060E090BF5080C1CF3EE0403
0D07FA0602EFEA2C0DDAE609FDE10719
030C1C30EF0E1012F405010B01F906FE
B0020805BCF305FADD081BFAF009102F
05C5E2FBDAE7E2FED6E5FDFFBFF6FAFF
0605F70E12F5FD1210E3E50423C6D5EC
04FEFB0E0F0DFB0B0500FE0E0702F609
11F51E0106FF0EF502141411F8FC120D
0CECFBF9F9FDF50506F9E00310E512FB
01F1092DF6071C0F010003FA000703F2
CBE31404DDD605F9D6EE0E15F007001B
17CEDDF608D6F211EBE1FF0CCEEB0DF2
07F303070BFD05FA0DF4F90317E1EAFB
0A010F01080B0C01F7F8F809F10FFE01
09FD04F9F10413E401092C02FE0B2201
FAFFF701F1F0E3F9F8FCFAF20BE8FFEF
EEE80422FB180A1CFD0704F4F60AFD01
D3D7FE01D9D109FBDBE70A20EBF0FE15
1CF4E3040DDDE50406D1FDFDFDE00010
00ECF2090B00080018F3FAFC17F3F2F4
F8000408FD05F4FF0F03070C01030006
FAF002E004EF0DF705ED11FBF6071FFD
F3F9050E04F5E607FF0000FEFFEB09FB
FFDADF22FB0DFE2B030BFE00FC0709F6
F2D61208EEC10300ECD8F100E0D9FB12
120505F80FF200F30ADAFB0404E7F608
06EC07F8FCF306FE05FD0E0219F008FF
041606050612060C0CFD0110FEF90400
F4E8ECFAF7EFFBFD0AF00E04FBFE090A
F9FD0AF5FFFAF20810FEF4F8F4E8E9F7
FEE8E734FEFBF92009F5FE0BF0FAFCF9
FDD507FCFCCEF4F9F5E8F9FFF1FAF9FC
0A1610EE0E0214F61AFE01F106F0F5F8
10E7090B0EFBFDF80AFE030002080BF4
F925FE0E072208021406F70AFAF80505
0F06E9FE0CFD03FB0A0F030403190A0F
F40704050AED190A150CFAFEFA0ADFED
11F4DD251000F60EF80AFF06FF080002
F7F4FCF3FEEC00F5F8F1FFFBF202F4F5
0AF80605FE0019E9060602EC09FA06E6
0DFD0EF715F804040CFD0900F902F8FA
FD2C1102F31F060900040B020B000605
0CFBEAFA0000F801F71CF907F91CFE02
07FE0A0714190D100F0CFC000B01D604
FE1A0124FA0F0406070BFB0206F5F802
0014FCF4F6110B06FC16FA021F0BFA0F
0404F1F7FC040FFD06140CF4FA01F4F1
050CFB0A1808FCFE0AFBFF020701F3F1
FD1FFE01F718FF06FA06FDFC0405FB04
FDECE6FC03F4DEF8FF18FBF5F919EDEA
F8F70505FE19F815FCFCF0F8F403DCFC
01051905FB020C090602F908F8FCFDFA
F80C0402F91EFDECFF0A16FBFC031EFC
0EFCEDE7000408F2FDFE09EC020809F5
080305F90908F3011C03FF10170B03F0
0821FCF71905F1F30E0900FB0308E60B
F9EAF0EC01FFDFF3EE17FDEDF4F9ECF1
09F80709F707FE0CF8FB020907EFFCFD
11FE070EEBF7F70EF70109F8050A08FC
0A180CEE131CFEEAF1F7ECEAFA11FCFB
040700F302F9F9D3FA0202DEF90E27FA
121106060D10F30A051105F80F190101
0002FAEE1C1B04F32212FEF2242203FC
0FFBF7F90A0FF3F0050810F7FDF9F2E7
FE000901FEF808FAF6FA040A09F610FB
FB04FBF900F6FCF603FF0BF70A04F808
0CE602ED0DE9F0DE19E9DDF7EFEE00F9
F101F7D9E6EAF1DEF2EBFAE00ADC16DA
EB000CE5CFF406D7EDF607D3F2F700EB
EF1112E9FEF009DFF4F202D3F40B0BCC
080307F20A0721E601FD14ECF0EB07CD
060102F80502080A080E0B010CF1FEFC
06FFFCFAFA02FF09FF0B07FE08FE0B04
0CFC08021FF90BF50F112107101509FC
FCFD05EB12090EE91F0A1AF9150709F9
EEF6EEEC2300FBDC270C13F107020401
F8F600EE00070D05070F10F707FBEEF7
0B1B1D07041C0C03FA2214FC040DFBF7
09F8F5FCFC09F809F90A04FD08010406
FD05FA06FAFB03040902F80704090609
0A030A03050903030603060AF503F7FC
F708FB0708FEFD09F7FCF7050404FD03
FEFDFB04FEF6FEF80A040B0BFC010107
0108F706FFFB02F500F60B0AF5080401
F70B0A0A020400F9F5F904F905F5FD09
F90B07F802F6FF00030503F6090A03FD
060504070AFEF908FFFEF906FB040302
09F00E0304FD16F509F9070103040101
07F111FA02FD20FB00FE09F60AF208F6
17E80006010607060B062F0706EF26F5
07FE15F505FA250411EE17F706EA0507
F1F1FD08F801FB03FC040C0706040DF4
FE0406FA090A04F7FBF80209F604F902
16FB02FE0BF8090405FCF906F80BFB05
09F507F1F3F114F2F5FA0CF507F80100
F5F115F6E0F304F6FCF0FB03F1EEF904
FAD902FBF2000EF3F5FE06F5FFFC14F7
F0E5F80AF0F6EE03F2E8F101FCCEFBF0
FCF50DFBF2F10BF4F8F5FF01F1E6F607
020A060BF50A090600F600FD02FEF701
1205130804070AFEF8020304FDFA04FA
DDDB0503F3F112FEFAF4031410F4210D
D5DB1600D2D806ECF0CD07F2E9C701F6
F7F9F1F5F9F108F7FDE707FCE7E004FF
DF0A0FE8E2FD06FDFBEDF7FDF2EBF2F4
FBF7ECEAFB15FFF6EB0A0AFCD80E16F2
FF07FF0702F0F50B11F8F8F604F8FF0C
041E1B1308FDF8FBF80105050003FE03
D3E4F51FEDE9FA14EBF5FC18E9FD1522
E0FD1714E3F50714DDDDF706CEE1EB15
FB0814F0F00C06F1F9EE1108EEFE1E0F
EE1509F5EF191907030812F2FB0416F6
E91CF8EEFB150205EB160D0DF2FC0808
F0EDF600000A1009EDF8FE07DD0DFDF5
0408EC1304F80507FEFF0409000A0801
D4E9F01AF0EB020E04F4F2FF09EEF601
E60F1D12E6040B0CE7F905FDE1DEFE0B
01F700FBF205F9F413011502FB0F0511
F6FFFCF0FAF80EF3EF0613FDFFFF06F1
D60AF007EF07FDF4F71303F5EF13FBF8
EAEE04FCE6F81FE9EFFB00F1E00AF3E9
1BEDECFA050409F7FEFCFB03FD07F908
0F0B07F5110CF4F40111FFDF2006FBEB
F3071A0BF50A0E09D80104FBF50A13F6
EEFCF001FDF9FE00F5FAFB13E6FD10F6
0EEFFDEC0DF6F7020DFEF10FF5F20218
D716F7F9F4FEF1F509FAF7F012FBFCEC
F0FCF7F8E70515E5F1FF27E6D40CF7F7
15E6D4E202020C07F802F3F4F8F902F8
1700F2E30D0706ED132316081303E1F8
E4F922FDFB091D00ED1505ECFE160302
08FAF205F3FF0412F302FA09FD0A040E
1AF5F71022FDF3051705FB061AF2F50B
050DDCED050DEEFA1B0105F90BF10209
F200EBFCEB16FE0803EB0F02EC090502
010FE5FBFD090B060CEF05F71A00F804
111807F905070C0200130907F012F4FD
EBFF120502EC19FF06FB0D000E0B0800
0DF7FA060AF3EF1000F6E905F9FA07FB
1CF5E6032F03EF032704FEFA250CFF0A
0810DBF00612E7050D0FFD171AF6F504
F91FFAF9DE26EEF4E41203F7F709F4E5
EC03F8F4F11512F20FF102F206080801
0E061009FCFFFBF40705090504FC05FC
FEFB130A0CE7210B090B12FBFE0D1018
10FBF10014F2E0FDFEF8D5F70DEAF707
1903DFF40FF505F90DFF03FF1218F6FC
0419E2FF0F0CE41C1018F20D1806F904
0EF103FAF60705F0EA2A04F50D17FDF9
F804E9E60E0104E60B01FFFE0604FF05
0F03FC0FF70500F4F705040305F7FEF6
FBFCFDFA0CFE0F00F70926FF040E1514
18EC04FC20E7DDF80BD7CCF7FFE3E8EF
06F6F00706FA0C090DEC02FF14EF09FD
1416F004110DE5160606F10E0BFDF405
14F810FB0607030EE9FE220F09291112
01E6EFE819EAE6E61EE6F0F103F802F5
0B03130DEB0C0AFFDF15FCF5F802F0F7
130102EB08170AF9001422F802081016
05DF0E0507D5E91212D6DF18F7F8E905
FEF3070AF9EF0D0AF9F61502F0F11C08
1B1109171415150F090A0A0E1BEDFA06
19F709FB0816EC19FA0FF90A0F290D18
0C01EEE80EF1F4F018EDF0F3FB020208
FB09170A001E1C08E5180EF8F1F91309
161CF20D0E1700090E0116F8FA011704
F6D40C0BEFCDF222F2F5E10DF109D20F
030103F807F60708FDF21A00EDF21408
1A16291A1201190D091A0AF80C070303
00F8EE050108F505EE0BF2020A19030F
08FBFADE12F8E4D626F4EBE70FF6F9F7
FD0D1D060D120F05FE1913FD01F915F5
091FFA040D130509061B03FCFD080305
F4F1F802F9EEF01CEEF5DF22F81BEB1C
FD0003000BFBFE0508E9080CEAE90002
1B0B29030A021C0C0A040AFD010EF2EB
F2FFF3F0FCFFF501FFEAF30502F80906
FEF7F4DC0DF4EBEA0CFDF7FFFFFE01FE
011618030818040F070A0D0602FC1FFE
FA21F607FE110609FD1F0BF5031E180E
F700ED150301E51AEE08E624F60AF224
0FF8F7E70CF30AFB010D0CFBF9010506
0DEE14F90FF40C0307FC05F10DFA0EF1
02FAEEF50CECE8F3FBE6F0F50DF603F5
F109F4FA00FBFBFDF4FE051508F908F2
F50111DF000D0BE2020311EBFBF71BE9
FD1F07120D200604FD1F0AE6FA1A00E1
FB18E4F8F614D404EC15F70BF71CF213
0AF80AF907F00A0408FC0800F41C06F8
04E0FCFFEBF0FEFFF9EE060107E40004
F3F3F9F6F8ECFD0B03DF08E117E7F2E6
DBF7EAF8EF080516F7FB040806FD0105
F8EFFFBAF9F300C708EF0EDCFCDBFEE5
F51D01EAFD16FCDBFF0404C8FCEF13BB
EB19E5EFE713E2F4E62BEAF1EF2E0303
EAEC04FCFDF70EFB0703F3F4FB13FEEC
F1DD05FAF3E2F902F8E10400F7E10BFF
FFFCF4FFFFD6E904E1D2F8DDF9D4FBFE
D4F5E30DF00604150304FB12F9F8F5F9
F8E8FED104EDF9D400F601E4F5D9ECE9
00210A97040D05840802FE9103D901BA
FB05E4E6F91DD2DEEA22D3D0FE15F6C0
FAE00503F1F70EF6FA050AF205FC06F6
F4EAF0EFF9EC02E8FBE8F80BFCE20B07
1000FAFE08E1FEF10CD008D200F1FCDE
CCE2F90DFBFF03200906F30E08FF03EC
F5C7F1EEF7E0F9EEF2ECFDE5E8C9F8F4
130F10BD050105B205F40CBB09E6F3E3
EA09E1EEF610D7D8030AEECDFE0D02C7
F2FB110E01FE170403FC12FEF5F2FEF6
F9EAF2F703E0FDF5F6FAF9F7F2F9120A
01FCFD0B0EE9F7F407F0F5EAFCFBFAD9
E5FA21140EF901171703FDEF02F708F9
FCD0F0F9F8ECF3EBEAF8F8F5EFD206F8
10F010E917E30EF70CE6FE01FFE305FD
ED09ECF4EEFCD9EB0AFFD8E10C0204E1
09F90AFFF6101A09FBFE10FBF8010CFB
FA00F300FFF9F8EBF5F90908F70102FF
1500FA0410E4F1FB02E20FEA0C0501F4
EDE80A14FA01080B060A09F900FBFF08
F7EFE10AFFEFF509FDED0819F1DF0B0C
0DF3FC0B10F8FC1EF9FCFF0FF6FBFB11
F10107F3FFFCF100FBF1E3FE18F6ECFE
E70DFEF4EE0317FDFA021AF9FEFC0EF9
EB10F5EDEFFEF3F4EFFFF8FCE101F7F1
FEF60BF5FFE3FC0C0BFC1AF60CF307F7
0BF7DA10F404EAF3F701F6030DFE01FD
F219DF130DFA00FEF7EA16FEF0F9051E
00FD011701FFFF1C01030619ED07EC15
F6002002FEF4F400F3E8EC0C0AEFFF0C
F90B05EBEF0B12F7EF1007F5F50A12FB
F60CFF08E30E03F4EB0BF9E8ECFDFCF5
010607090D0110F8FE011407FCFA16E9
F308EB11F106EDFE01FB0A0007FEF801
FD0CE80D1502E30111F6040D041A0511
F9F4EC1207FBE71913F1EA1505FFEC13
FDFE22040DFB081009F8FF0FFCF8F207
E9170505F21711FEF31017E9F2F41DF2
F111F6FBF40CF400EF1201E9E11001FA
F902F7F9181110F207060C00F90EFA04
E228FF1DE401ED0F0507FFF50A020606
0005E304090B000B01051821F01C0711
080CFD13060DEB171700ED07FE13E225
09060EFE08071E111414FCFE11060611
D113FA04F1140B0EFF1317F6F9021E07
E519090BF41800FBE527100CCF1D0B01
070804FB0917130A08010FF9FA03140A
FB111002FBF0FDFE0500F604FB04FEF8
E90BF51EF6FAFC1108082019FE0B0902
101CF8FA0B1AF814FF11F60F070DF018
051421050D2110030E1C14051C1505FC
E617FBF3E50F050BFF110706EE150A08
E51F090EEC130C0AEA150C05E31709FC
08F702F703ECFCF306FDF605EBF7F4FA
0F0C0AE6F0021209F6F500FF04030508
F80CF004F8F8020AFAE5021F02EA0D12
0805FF07070AEE0B180F16FB0A07FC03
060310F4130B0E0009120A010510F9FC
DD140FF5DA1C0E03DA0E08F501090DF9
EA291B100A192B0105262711EA090E03
F7F707F608F20207F9FF0015F7161D07
0311050BF7FBF8FA0700FDF8010807FD
18FE04F1F001F70DEBF40211F70C021F
0306F60510ED0A1D1FF223091F0016FB
15F3160D22F61E081FF800FAF410FC03
14E71CFDFC041106F002121711FC19FF
F201FFFF22F1040320011A100CF72D09
06FDFC0707FEF701FC0504FAF3F617F6
F801F804080A04FA09F9F9FA01010801
14FAFCE50F0208ED0FEFF9F404F004F3
1808DBFA2405EBF10A01F8F818EEF2E6
FF030F142503EE051A08F2FB020BEDF1
0711180301F503FE16EFF7ED07F9FB06
0300F7F70AFAEEF70BF8F0FC101301EC
04FC08FDFEF905FD03FE000408FA0202
04FDFAF7F70100F908F7FA0208FDF607
F80AFAFC0100F90B07FCFCF8FA00FFFB
F6FDFCFFFEF6F70A06FB00FF06FD05FA
F9FD000D06ED070B03FC0B040511FDFD
0207F7FC040A09FE05FB0205FB01FF00
08FE0704FA0BFDF5090AF6F5F9000705
04F700FE0307F9FCF7FBFEF60B01FD01
FEFD04090000FD0707030702F7FB07FA
FC0F18F801FB0FF7F502FEFB04040D06
060A02F9F51325F10607FF05F402FEF7
FF0512FCF405000FEF181A01ED1E1BEB
F12123F6F4162BF6000C2CF304FD2802
F91108E6FF0D16FAEF1015F0F7152EE4
0A0701FC08080BF50AF900FE020604FF
081600F200F7FDFF0002F90BF8FC050A
010A14F7FAFD13EDFC0711FDF40C15F6
1BF320F41DF20CE516F402EB05F615EE
EFF005F4DDF908FAE2F7F5EC06E8FBE5
F41618F7F6031CFBF0010DFDE20012FB
0A0924E8F92826E6FFFD0FE2EC0E08E3
FC0AFEF801FBFFF90EEEFFF70000F8F1
021416F202F0F9FEF809FDFD00FB0400
F2FD00F50716FCEFF613FBFFF31513F1
1802EAE61804F7F716FA03FCFDF8F4EF
D500F9F7DB0704E5F309F0E4FAF8E0D8
E7FF2401E70021F5EEFAFDF9D701F603
041AFBEE031202E7EE0E0CEBF1040FFA
0001FBFAFD03F0F603F2EFF80E0C05F6
02FF140110E3020006FBF5F701FB070A
09F3EFF715F1F1E203E8FEE6F81406FD
13EDE9FE1A08E6F41015EAE411FFE5E8
F9FDF9EAFF03FBF103FFF9E21FFDEBF5
E20E1AFDE4012100E8FC07FDE503FCEC
F41D09FCE11900ECF31E0DFDF5002205
011FFCFC0318F6060708E00A0011E016
07EDFE0C07F91B02FEFFFE01F605FCF9
0BF7F4E812F2F9E10FD4F5E51104FDFD
16F7F70D05FC01E91F07FEE10CF6ECF7
FC0709F2170E080122FE04001BF2F808
F50D20F8EE00170DEF03120FFCEF04F1
E40201FFE710F5ECF412070BF00919F6
050203F7111CF1101211ED09FA19F2F1
13D8EDFF03F10C0201F5FA07F8F707F7
1DF6EDE920ECEAE91A04E5DC0CFDE6F0
1EF5F40516FFFD0825FEFA04180CF401
1C05101122F6091720F8001120FF0019
FF071A0402F2140E10061A140DFC1711
0014E80AFD0CFFF3F80010FAF4061F0F
041406FFF00C0706050D1501F916F8F9
23E4E61707E013FE18E1FA1AFE060101
13FFF00217F6DB060B00DEF01AFFE3FD
0DF8F9031601F2FC230304F71CF70A0E
10081F1109070D001D09071915FCF710
F4FB0508FEFD080708FF06FB08FE0D0E
ED1AE4FA00090402F30A15FFF3081902
F514EDF90716010CF91AFDFEFE1000FF
1910EB13150907FC0DE4EB10E719FBF8
07FAE8080EF8F7091405DBFE1001DFF7
0E04FC0317FAF0120C03F2011BF2E80A
0305F7FC140F05F61309030B0C040601
FD08EF0D0E0DF70D0AFFEEFF0B0B04FE
F510F406F401EF04EB0C0103F8FD0702
FC15FF0501270213F3270101ED1DFCFD
190DED110E00040C0CE400090FFE0108
F9F7E0040603F01011F6FA1002FC01F1
FA0501000DF8F107FE0CF705050AF902
0C02DCFA09FCF30C100C02FC01F6F902
0305DFFA0AF6D3071403CD0AFF06E008
08FDDC06E905DA08F707EC02FBFFEC00
00E6FDFA20FFF5040A1CF7EFEA2BE1FD
050DFF1E170BFF05070305F1FB01030C
08FFFC021AEEF21814F8F31B08F8F80F
F2FEFDF5F909FDF106FAFD0606FE0804
00FEDB07060CDD040B0EED02EF0C0103
0906DAF911FED1040C09D001FCF2D715
0805CC06F000D208F601D200F9F7DE08
10E8FB0218F7010C09F7ECF9FE24DCF0
FCFAF21502EDF6050110FEF502F8FDF9
FCFAFE0114050B1000FDF91AEC02EA0A
F8FF00F9F4FB0000EA00F8F4FC070406
FAF9DF13F40BE0FDF706F3F6F7F9FFF5
09F8E8061307F8F802FDE202F7FEE605
0700DBFAFCFDCE02EEFEE406FAF5E60B
03EAFF0C0920E71F1108D90D1221E604
FB0FEE28FBF8F41912FBF9FF04F8F5FF
F50FF0F5FF100100F1060D12F804FA0F
E70C1BF0D90506F2E603FAF2EFF10A04
FD08EE0AF611F9F3E719F7F5E30D04F4
1609F40C03F8FF080A08EE0BFDF3EFF7
140DE9F705F9E3000400EF03F806F104
FFF1FA01FFFCF01210F1D7090617DAFA
FE11FD0610E8F0121A08ECF5EC13FFFC
0108F7F6F41202FDE008F0FED309FD08
E7100C08FD0D0BFCEC11F5F5FA02FBFC
01040009010203FFE807F413E90F0A03
FF0D19020F0B060A0D04FA020601FEFB
0713F6E70F0DE40811FFF814FFFF0213
10FFF812FC00EA28FFF3E90DFDF9F3F1
F20203020FEFF4F2F5F9F307040308FF
F4160200F607E702ED14F8DFDCF701FE
FF190D18F60E1B0DF70EF508F904000E
FDF30E06FDFF080DF8FD0015F509FA1B
00FA0C110EFE15FA0C0BFB04FBF50205
FB00FDE7F5FAF5F0020D090BF1081709
08FBF5040EE0F50E00F9F40B1808F8EB
F3EBF0160606E9EE050E07FE04080606
FB0D05F2FD0002FFD9030CE8EC04F202
FF08040CF80A1806FF11F5FFFC180102
09FCFF0FF8030210F908FB00F21E0E06
FA0211FE0AFE0AFD12F8050DF9FBF906
FE0601E9FC04F605F20302050A021B08
0FF5071302F2FC08FA0C05ED1CF709E8
FDFDF80502FAF900FF03000103F3F90A
F80F0EFD00FD040AE10503F8E000F600
ED12170101071507FD10F10BFB03FE08
F1F7F21B00020318EB09F31000040C00
FB0003F305FF12000EF80F130903FB1A
1B09F6FB0004FB02FBEF0DFEFEFF0C0A
04F7110800DE081FFE011703FE0613F3
01F4031603FFF20003080402020BFA01
F30A0D0AF3FC01FFE80F09F9EB0FFAF3
030C0DFB06160BEB0D07F300FE03FFFD
01FFE90FF7FDF300F4F9F913F9FFF402
F308FFF5EF000D0001030B0D08FA0A06
F916F5E0EB071300F8FB0002080110EF
180B0D0015E6031202DB19FE1A0B04E9
13FAEB0101F4E907FBF0F00713ED0509
02071B0FEFFF090DEBFBF815F10EFC0A
110D02EF090A09DE070F13E607FF0AF0
02060AFFFF02F40300F4F0F60D0102EB
FF0409EC03F404F6FCFB0E04000119F8
FB0B08F5EAED02F6E2FF0CF7FA0500EE
0AE80AFC10E90D080BEB1EFF06F5EFEE
0203F603FCE80F100DF8FE04FD0BFD04
EE051502EF0507FFEC05FE0AF601FD00
110505F2181002F4080A01E9030D02F5
02F911FAFB07FDF800F6F0FD02010DE5
F2000C0AEC050105FC04060EFCFD0D09
FFFC0708EFFD0F05E4030900F7090EEF
06F808E804E4010EF7040FEBFC0216FF
10040E081AFC09120E15F1020104FB07
0801FDEFF1060006F402FFFEEE001904
FF0813F30D1405E70F060FE4030D06F1
FCFAFEF900F5FDF3F901F6EB000EFBE7
FDF703FEEBF901EDED040305FC08F909
FFF11A0AE3FD06FCEB05090BF60A0BF3
FEFFF806FFEA0E04F6FE27000EF21C12
12F00EF616EF030C0BF50D06F30008FA
0906FFE900000701F5060401F8FA0501
041506E603FFFBEF0009FBF00103F7F2
F31303F3FD0C14F9FCFC10E5030408EC
F50406EBF001F0FCFDF7050806FA080B
18EA1D01F201120EEB0E0DFBEC0514F6
08F7060A011001F1FDFB1EED07DE32FD
0EFA1AFA24DE170AFC0207F8F402FBF6
0602FFF8040FF109F908000303000B03
02FE02F7080A06F3FD08F3F1F4F602FB
F10C0200FC0B030005150FFFFF040600
F100F8FBFE0A04FA010201FBFA0913FE
14FA160EFA0EF004EE11ED03F6FCFDF3
010BFE07EA110BECEC0319090FEC1110
F41A0A05FDF6F41103020AFD090B00FB
10FEEFFE0FFBF6F5FDFBF8FC0E010EF1
0E010407040BF5F70AFF00FA0706F507
000504FAFD06090209110A030E0903F9
0B0F05010810F206F305FAF8FF0800FB
0DF802160D030220F903040701040807
F8050907FA0A01EDF2010A0407EF100D
ED04F6040DFA02010B02050BF9040506
F3F6F210F7FB0B001500120503F20E08
020CEA05090DEE01F8FDEBFFF3FAEC09
070502F603100C0D080F100B14100EF7
1C00061B0DFF01F8F9F9F9F9FB0AF9F1
02FB060FEF05121704F602180903071D
0609F8FEF3F601FCFFE5FD0701EC0AFC
02F704EFF707FD0C0201FE0BFF05F9F5
F4EEF70AF0F8F61CF5EAF821F6E8FF0C
0100F5140901E51DF302F20C06F0F606
0CF5EF0709000A110404190D02FD0FFD
0FF518131EF2100A11F5061012F1EB16
EC0E09EED80713F1FEFD21F404F32206
FF08FF0910FE0307FEF60A04F30901F3
F1030412FCFBFAF7F5F5F6F909FFFF02
12E60430E8F80317F10C0005E8050702
1306061817E9FE2A1BE1F83129FCFF20
05F6001004EE181F04E818200AF7060A
0EDB080913F2171807F30F1808F5F208
FBFC0B14F4F4F60B11EC07160FEE1319
05FDFEF801F700FAFBF6FBF7FB05F70C
F807F6FD04FC09F8050105F5090AF8F6
11F4F30807F1F8191BF4FF00060103F7
09000C0723E701FF04E503050DE5FC19
050A0B270DF2031D20FC12FE03FCF803
19F60A1421FF0A140FE1031D0CF10418
FFF9F90EF1E1F92601EFFE290D01FB1B
0206FFFB0008FB0B08FFF80108FA0AF9
FFF80103FDF60B0AF9FE080102FEF807
F6F5060A090BFB04FE0609F600F5FB02
02FFF7FEF6FBFC01F5FEFD0405FC09F9
F90005010BFDF2FC03FC020003FA0AFB
0900F604F8FF06FE09F9050408040509
00FCFD0B02FAFA090400FFFFF60BF602
03FBFB0008FD0000FE0600F5F6F7FD01
0A05F50A0505F8FCFAFAFEF603040A04
0DEE121A0EF705060006FB0DFE0707FA
09000A0716F01409FC02FD140AFCFC05
17E20BFA1AFD02E91EF120FA14EC1E05
1BDF1F0C14F01E16F3F5080FFCFC050B
04F41006FFF0130E00F018FE13EC210E
0A0AF702000B00F6FE04FBFEF7F7FF00
FCF31305FE05F80102FF08FFF5F60902
12F80D0C1C10F91606140B010BF31DFD
0605F926000DF31C0819F51D0B0DF827
0C0FFB13061EF714FC13E402F505F121
08EE17F61EFF08FD12F70CFC11FCFFFA
0CEE1908170814050506081208ED0F09
FA0405F5F9F9FFFDFC00F305050106FB
03EC0400F1F4E8EAF50500FCF7FC0008
14FAF7181609141C1109242405F21D00
EAFF04220EF509231405FF2100FA0323
FCF21517EE010908E2020C05E1F7021A
0EEB121204E5151C04F817FB11FB0516
180F17051520120802142501F8F11D13
09F7FA02F8F8FF01F0F60D080AFE14FA
ECE70316F6F8E9F2FAF7F60AF6020AF7
050FF307070CE7130508F715FCF80416
F2F9F5190D02F61918070A0D0E0E0024
F5E80400EEFAFC03E8F00412EDF2030A
0D081113160614052407080312F6020B
FC0429F4FF050EEFFA010EFDFEEF0802
08F1141510F6130E0310F911F8101504
F8FF00080802FCF8FCF908000AFCFF05
0204E40811F4D8FF1508EE04E90FF920
E6F5040DE609F90004F9FE0A14F9E60C
F5FF0A0BF3F8140BE5FBFA18F0FAFE1D
0AF00F0909090310060B0D13F215FD02
F20FFBE3F60F15F70BF510FB03F41B0F
1001100306EA2012F903151DFF0810F8
E9FBF11AEEF50802F9F31004F9FA06FB
04FDE90C0906DF051305EE05F912F21C
FA01FC1AE8F3F419FAEFE41307FFF313
06FE08F4FDF8FEF9F2040201F4F3F305
08FD0AFD08ECEFF50BEFFBF10D00F9FF
130618EC11F20BE818F209FE1DE30405
0A090804ECF40A15F6022222FEFE17FF
FBF1ED1AFAFBF901FEECFA160AFB0503
0603E40AF6F9D806FE02F7FDF70BF223
F4F90806FCF5F9FC08EDE60603F6D91A
1901FFF0FD0804FFF70BF7F201FAF509
16FC02F218ED13EF07F20BF9FDFEFBE2
0FE616EC18FF0F08070009FB18F6F800
0EFB0BFDF5211113EA0B14FCF5EF0BE9
0C010511F0F503F70FF9ED20FFF00AF7
2003F5140CFCEA041B12E7020C04EA05
F9F70AEEFDF6FE0605F3F2FC15EFF30D
FEFAFBEAFE1301FC030B0E07F4FE13EC
06F4000A0D01F9F2F3F213EBF4F306EC
04F809ED03F0040EFC0415FD07FB0FFB
11FF1A0C100D1013021A17FFEAFD12EB
14F50B16F90103FB1EE5FB050CF8FAFB
11FDFB0D1408E9140508E90C0EEDF416
F1F00FF9F5F4FDEFF3EE00F10F00EB0B
F502F9F60DF80305FBFC0BF8EAEF03FB
F7F9F70BF002EF07E1F60313EA030307
F7EC09F9F1F300000207F800F30106FD
EFF6EFFB01080713E80B2808FE0823F0
F1F604110CFB0BF911F2FD02FEEDFEF7
0A03F5FA0E0205FFF710F416F9FF041C
F8EF0EFA00E700FC07F2FBEB0EEDF6F1
F2F1F5FEFCF30B0100EA0D13F4F50BF9
FC0AF50CF1FDF41EE9070019F600F604
02FA08FA05F704FFF9F9F104F6F2FA10
F9FDFBF2E91007F6F0F5FEE4070D1FEF
0707031F13FEF1130DDF040300F30408
1008F0F50D0B08EF010CF207FDFDFB29
0702FA00FE03F00506F9FAFA00F0EDEE
FEEC080C02F01A160FE7151417FD040D
E9F401F8E1FFF816DAF7FF1AECFAF50A
0FEFFBF20DF4ECFD01FDF50500FAF20D
0EF5F609F1F5271CE605130EF4031B02
1206021D16FEEB091CFEFB07FE030403
0E0EFEF6F0FC04E90305F3FD1203F91A
051305F3F40F05F502F1FAFE0903EFFE
06EB011BFEE91018F9ED1220FE14FA06
E4F80AECE70200EFE2FF0419FCF4F20A
F3E405F4FEF8FDFAFAF9F9F6F8F3FAF0
FEF4F1FFEDEBF205F0FFF702FD0919FB
200300102DF1E30416F3FF070B0D00EF
031105E4FF0610EE090F0206FE00FB05
F60307EC07FD09F511FEFCF6080BFFF3
0BEE030602EB031400051C15EB020CFD
EF0C0AEBF51004EAE40AF7F8EEF5E916
F3F6000D0CFAFC00F7F4F1F3060AFDF8
FA0B0703FBFB060BF4010AFFEBFB030C
210BE70816FBF40A0EF70D14031503FD
041906F1180D0CF0120916F00C01F4F0
01020EF4F80207F4F70B0FFF0E120A09
FEFCFD120F04F8020CF80AFEEFFB10FC
04FFFB04030508F4F01302F0F813E904
FEFAFD0FF8F9FAFEEBF7080AF3FC0AFD
F80FF6FBF50BDDEEFD120B09F0F606FE
0E21EDFC18050410FA010211FF101000
F62203F50217FEF20801FFE1FD0902EB
F8F511E9EDF905F7EB0E0A05FC13FC05
020BEE011113FA0CFF060103F5E713E9
07010703FFF2FFF5FB12F4FFF90DF50D
FCEDFF0FF2F3FFF9DEF601FAE4FF0A0C
F519F409EC2FDFEFFE1607FFF1F61506
1F14020113F30E0901EBFA12F7070206
F21EFBFEFF1B05F0F10F06FC070AFAFB
F1ED09F1D3FCFAF8D0F40307E910F804
081AF3EE0A2102090610EE04F9F014FA
FC07020D00060312001BF50AF91CF901
EEFD0B12DB040111E212F614F3030517
FB19FDEFE931D9F9003C07F0E1030E04
1EFB0604120EFC0F00F81002FE080009
DBFD060AEA1905F1F4040FF5ED131002
F7F110FAEDE703FAD8FAFFF2D5FA02FC
1121F2E82026ECF5190DF50513F1FDF7
01060D1405FEF703F71706040D1505EF
05030D00FB01F601EA02FA19F90C0602
F31207F20306DFEE0017D5E60E0006F8
050D140F1C11FA1BFDF6F91204E9F309
DD060F15F2140B10EC120A0CE70D0FFE
06DF07F8F7E01903D5E20DF6DBE91602
0814F8E02718F7F82822F6F82209F4E7
0C09F603000BFC0CFE0405140210FD0B
E312F603F9F3E802F60BEB110404F708
EF15F3EC1409D2EE0621E3EEF918EAE6
F40A06010CF6FCF206F2FF0402FFF603
DEFBFE01E0160CFEDA1AFE0BE61DFC17
24F703F1FBF017FCEEDD0BFDCFE509FC
FB1DFCFB021408F8211FFD0229F808F8
0904FB02F91409030124060C0B1307FD
F217FCF9E902FD0DEA12EB09F3000705
F818EEFB1120E904110BFEF81503F4EF
05FC00040310FDFC03021201FE0B0308
DEFEFF09EBFF090CD702FFFFE103090A
25F709E512ED1C00E4F11908CDF30B14
06090708080712120A0E0B072D0800FA
FA0207020E1D0610001E0D05041A0405
E710E2FEEA0CF004EE1BFBFC030B0305
06F7FAFE1221E9F20E0FFCEF13FFE5FB
0707080FFF07FC0CF60602F8F8FC0BFB
D7FC1513DFFB150CD704F8F6DE040B04
12FC0D0C0E010906EC020A0EE4001519
03051C0306081F140AFF0B0D0DFD0A0B
FE09F803F70B040903190A10070C0901
ED25EB0AF213EE02FF1AE8EF0613F705
FFFF03FF12EE18EE09FFFADBF5FDECE5
FA0D141CF90CE806F8FA01090505F908
E0F5F90AE4FDFA0CE3FC0202E7070AFE
FD051711F40A1411FA080504F50D0011
0F000A1116F811F602FC0E0210051412
091AF1FA0917FD0C050001000EFD040A
F60FF8FFFC0FFCFFFE20DDF10101DD01
09F90BFFFDED12F60CF5F6FC0509EE03
F1071C2C09FA071703000609060BFF0A
DC03F6FEE0F1F3F1DD060C01E60A060C
FCF6130BF5EA18FFF804180CE3071307
0CFF0C07130117060BFF17F217FEFF04
0C0AEA070612F6FFFFFBF1010BF7F7F8
160DF80F0A1FFAEE0A28E1E7131BE4FF
04FCFF07F2F006F1FEF900F7F0F8FA17
F2E709080503FFF7FAF500F9FB0202FC
D6E8F4F8E7DF0806D1F506F5EEFBFE09
03F40DE9EBE800E8D7F60EFAD6E9FE01
05EFFA09FCF40CF9F9E015EF0FEF18E8
1004E9FCF9FEF3EEEDE8EA0600E2FE0B
01FAE8FF0D0CFDDF0AFBE4EE15FFF5EC
02F5F700EF09F0FDFD0DE8F9EF120112
0F0AF2EFF0FF0B0700FAFEF902F50802
E3D7F604ECEAF70FD5EDF51AFAFCEA05
F7DFEBF0E3DEEAF3EBCDF6EFD6D1E1FF
0DFDE11A0ADEDC23F6D4EC13EDDFF703
FAD7E80AFBE9E000FCDDE008F0F0E110
09090CE0F60903F8F0F4F6F6F7F3F6F6
0402FEF9F511F600F40BFCF9FB0CFEF6
FD03F8FC070106F702FA050604090A04
00E4EB07ECF0F5F2F6FF06F6E90E0BF6
ECE7F60CE4D9E313F0DDD2FDFBDBEEFC
00FADD1E06EFEA210AEDEA23FDF4F60C
05D8EE0FF7E1E51DF1D5F02CEED6F325
F7F8FF05FEECF006F1ECEF0B00DCF024
0BF80403FBF9FCFDF600FAFDF1FA0106
0BF5F6020802FE00F9FF06FFFFF60905
11F5F60618F3F7FF0905F7FB0DFD0A03
F5FFFCEE05ECE7FD18FFE4011D00F006
0506FB0911E4001316ECFD1106080601
0606F60418E3FE0310EF0113FFFB0518
0AE905FC02F5F206FCE7ECFC06FBEEEF
0105FBFDFE0705FCF704FBFCFBF6FD02
FF000007FDFC05FF0AF80607FA01080B
FE0309F6F50200FC060600060809F8FB
FDF603FCFE02F807FCF702FD02F5F5F9
FBFEF9040C0804FD010006FCF705FDF6
09FAF8FEF800F8FDF6F7F6FD000300F8
01010708F5FC0905FAF805010AFDF909
FFF60501F6FD0AFDFB0B09F6F604F802
0B01F6F9F900FCFBF809FA0A00030004
F80100E7F102F9EEFA050800FD02F705
F3FFF4F5E60BF6F202FD07ECF70205EC
E7FC17FC02F80607FA0FFFEDDE02FFF0
E9F4F7F0E0FCFEF0F7130500F4170B04
FB02FFEBEEFFF3F4E7F3FDF5DEF600FA
F8F6FEF7F6F8020301FAF8F6F9FBF804
EEF603FBFD00040302F9F805FDFFF701
F2090CED01050EF2F9F80806E402FBF4
E30C02EEE91BFCE3F713FBE6ED0C03F6
FB0F24EA011B0BEA0A221DDBF920FBEC
F2EEFB0903FD110E0EFC0807F50918FD
ECF8F8F0ECF3F7F8E505EAF6E9FCFBFE
F8020503FCF9FFFDF5F8F80B02F7F907
E41108FBFD08FF0300FE07F7FC0A04FE
E407FED3E519FBE7F60D02F1F30504F4
ED180201ED150BD2EC190ED2DB1E01D2
080A11F1081413E1FE2104D0F32A04E5
F301E11B1307F415FD12F511031A170C
DCE800F709F4FB04FDF4E0040604E80D
FC0BFB0AFDF9EEF8F115FA07DFF602F5
F4F7FD0FF011FEFFF603FBF5FBF60B0A
0A25F7E8021E19F003050FFBE6FDFCF2
F825FEF1F82515F7F71E23E7F933FDDA
FD150FF60218F9E10423F4DEF02E05E1
F6FD080708090803FF150407E91215EF
01E6E700F9F7EDF60EEEE2090901FA01
06FCEEFC0B06E6FC1CEFD80626F3E917
07111201E41609FAFF0A000201FD00FF
E408F7E2F105FEEFF3E806F5EC03F6EC
FC0FFDF7031302ECFE0712EEFD0BEFF7
FC0FFEF8FE1505F8F51BE5FC0216F0FE
0A12FCF30A0AFBE6111DFBFEFB2107EE
03F7EB06030FEDF9130BE7F3081DEBF5
01FAF7041312E8F60B00D9FF09F1EA0A
EBFF15F302F3FE16010AF501F5090701
F504ECEBD9FB06F4DAE5FC10F1EBF3F7
EC1004FAFC0BF9FDEE1010FFE70A02F5
062004EE0D1103F7FF0EFFF6ED1208FE
170BFFF5121C09FB0D1E08ED05200DE4
06EDF7040207F810EE15FA06150E0601
05F4F3001DF90A0B05F4F5FB08EC00F9
ECFAF610F502F61BFD1511F3F70502FF
E70BEF04EB03EEF6EFFDFD09EAFBE7F8
F904FFFAF8FF0F05F8F50504FE08FB03
0C1BF903080B04FE02FF02FBF7FDFFFE
03120607FC2500030F050DFE04221309
FEE9F507F507000D0712061507FC0817
08F2ECFB17000C1BF7F81211FBEB0E1D
EFFEF0EFF3FA010CEB0D05FFF50502F9
F2EF0008FEFC0411FAFCFCFFF608F5ED
FCE51304F2EA07F5E2F119F1F7FC0701
09F8FCFB1301E3F209F9DFF6E8F2F906
020D0E10001E07040A1C060B0017050E
F303010EFA0900070604FB150017FF0B
151FFEF61E18FE1624FBFE2F07EE0728
F917FDE9FA100503FF040F06060CF5F8
EDE609F8F7EAF807F0EEF70DF905E005
F9E210FB00E70104F0DE0501EDFB0CF1
04EE07F2FFE5C8F5F3D8D5F3E9DFF406
0107F6160A06F8210509110BFF0A1709
DC21E410ED15F30E0805FE11FF0CE70A
F00D1A0E0C14FF042500E52408EEFB13
F211F4F0EE05FB01F1FC04F6FB08FF08
06F902FC06F2EC0A0CEFDC040105F005
F1E6F70004EE050207E208FC04F100F5
E5E919EAF2E9D5E7DAEAD6FDF6DADB00
09100001F80B0B03E6FB13FBE3F428F9
F31DEBFBF319F4020309020CFA060003
03000006020B050B0F0A152204E70AF9
E9F913E3FAEE0409D803FAF8FEF5FD01
F700D8000AEDE90405D7FD0BF7FF0307
F8FBE80C05ED04FF05E4041206F3EB0C
EBF628EAD5EFF2EFE4E9DEF5E0E1E0FD
071610F5F10002F5E7FC0DF9EBE01CE4
F5F500F3E50EF4FBEC0CFCFDF71D0C00
F8F2F6130603FD0926F51E16F5F127EE
F3FFFAEAFAF71409FBF10305FA00FAFF
1C0CEA0E13E7E9140BE1ED0B01FD0708
0301D4FC1307ED040201F3121705ED15
EEEF27EEF7F816F6F8EAF3F001F6EBF4
021AFFF1F606F6F202FB0D01FCF31CEF
F5EBF407EDEFFDF2050A0403010507FC
E8E9FB14EBF21007EAE71C09E9F40BEA
F80B0AF1EFF10601F7FA0604040B02FE
2B0DF11E03F7EF0404F8FC1605F50D1D
21F0F3FF17F7DEFF150FE2FD230AE010
07FA09001608120711FF1EEB2100FDEB
F608EF0A0EF9FFFC10F4FA150BF60910
EDDDEFF9F2F700EEFDF7FE03FA04F607
0E07FBFE01E80CE0ECE803F4E5DE0903
0C180E02F1FF15F0FDF80DF710F5F905
1EFCE60C2907E4071C03F6111F0E0D16
18EF130218F9FE0D1BF3FD0E1BFCF80C
100E07FE15130B09030DFD0518F50B08
01E5F71105F9000E13F1FD0E23F60E13
F8E80401EEF5F4F9E8EFFFF8F5F0F400
010FFD030B0A11F50800F3E1EEEDFEFA
190DFDFFF9F111FEF3090CFD00F70403
140BF3171707D516200AFE16110BFA15
1900F82216ECF72115F4072516F1091F
03090C070D06080409FBFC000DEFF013
04D8DF08FDE0ED0BFFE9EB11160E060F
EBF70012EFFAF90FE5F10010F0DAE101
090408F41316151405F0F2DDF60F04F5
0D17F8E9F508140100F403F4FD0900F3
01FAEEFD1801EE090B08F912FFFC07FA
0907FE2B0B07F92C15FF052F0E01021F
0402F901F30608FB0B0C181214020D15
08DCDF0704DBC51100F4D90F0F04F20D
FAF10501FB000D0EFC01F70400E5EC0B
F60D0AEA24181FFF13FA10DCF1F4FBEF
F807FFEDFEF60C0BFAF708FA020700F6
0AFCF8081AFA080A09FF020503FE02F1
05FD14130CF9141315F6070A090DE4FC
FA08D60DFC05FBFDF51816EAFA0E200A
0CE8E8FE06E7CC11FCF8C30D0D0CD90F
F5F10CFB01F803F5FFF2FFFC00E9F401
010802F81E02FCF2F20908E9F0F000F4
12FB01EEF8FA040FFB101005F7080AFA
0DFB00F810EFFBF20F0DFDF207FD00DE
F0F62DECF20A21DC04FE18DD090403E5
04FFC60602EDE1EC09F01AE7FDFB2CE4
14F5E6F9F5ECE8F80005DD12040FD704
FAECFCF0F9FAFDF305EDEDFC19ECEB08
1A0003010C0AFAFCF7091CEEF7F311F9
1CFE0EE5EDFD050CF70EFAFCFEFF0203
FBFE06E609FCF1F10A06F8F50404F7EA
E9FC33DEE0EF1BE6EBED22D4F8F30DD1
0A06C2FA0BFCBEE8FE0DF4E5F4F329CC
18FBE2FE07F6E9F7F50AEBFF0D0FE5F7
FDF4F2F70004EAE405F8EEE705FEFBFC
0601FF05230314FB11FA1FFEFCFD0204
0617FDE3F70DE909E70FFC09FFFFFAF8
EA1EF0E6060D08EE161406ED0A1704D8
F3FF2CE3DAFB1BE1D7F812E7E80506DC
090AD8F7F209C90CEA0EE507E30909DC
020BEFFF0910EB090D0EF60107070901
0201FFFC020BF1E208FFEAE9130EF0F9
0BF6FC0815FE1B0710FE2E1F18FB2007
F725FEDFFC1BFBFDF90AF3F4FFF411F7
F61109F6FD1300E00C0B17F3FE1314E1
F206FCE9E40409E3FD0706F2EF1311F5
F30BEB0E031CDFFDFA01E702F5FC0608
08190EEB081805F7081909040212F5FF
102C01060514FAFE1BFD09F2180A0EFC
FCFDFF00F31E15FF0E06160D260A1718
062D06FC0B1603E805FBFBF50AFD05FB
F11FFE07F92711EEE71C09E8011416EC
0812FCF8FB1A0404F01D03FDFE1604FA
F60AEAFAF6140100060DFCF8F90CF9FC
18060CEBFE170FF1FF09FFEE0513F8F5
101A0409130EFFFD2F010CFD17180A04
01090404E3FE0E0005121B0D18230D0E
1230060903180FF2080806F705FC00F5
ED12150E00161403F415F8FFF30100FA
0B23F902FD1DF8F80B1DFCFC0310FF09
F003F2FBF111E40E0317FA00FB200200
130F0DFC05080DEBF90DF1E6F514F5FC
1837111A212710012B161000260E020F
F701FC0BFAF8150F16070DFE231A200A
0CFBF600F302F3FE090701FE09FEFFF7
0DF8000802F1001AFCF2F610FBFC0D01
07FE0703F6FDFEF4FF030CFE11FF1100
F30EE4FEFD01F00C030905FF0418FD12
1514EAF9FA18FDFDF51EEDF3F408E3F6
1003061921100D24121F0B22140FF705
09080209050EFDFF1B03F9E80E2007FA
0EDE0C090B08090402FE05FCF70B0B06
F50E0FFCFC1203FB06EB1F1C05E82419
F102140000070DE8F70E1FF6F80D23F0
F907E70902F6F90D0F0A1009F403FE06
FA04DC010311FC0BF2090103EFF908FC
0AEE0F2412F6242D21120E2F150AF310
FC0A020B04FC12F81807FF05ECFB0C25
07FC0214FAF6090A00F9F8F7F9030508
1D061D151FE5242509F01F1F0DE30621
120B180D01150609FEF1050D150C0100
0FF0ED281902E8191B02EA0F15080418
FAF7EF1DFCF4E90A04ECF31EF3F5F332
0AFE001704FD011716FCF62310F7F723
08FF09FEFEF60207F805010AFFF5FF09
FEF6F900000A0804FA0B07FCF801F608
17FE000E09F0151DFBF90E06FAF90903
141211280D1010170CE9081207F5050B
1606011312FB02130C08FF0F0D07EF19
1603FB1D0107F70D0006F20B0CF3FE14
F3F6F30F0205F413EF02FB0CFBF90B14
FFFFF501F60A07F7020307FA06FCF802
FC060B050B0805F903FD0809F6F8F801
FDF809FCFEF708F6FAFD0908F704FA05
FAFBFB00060AF9FDF60809F904020509
03FB00FBF6F90304F6F412FBF904FFFD
FFFA040BF90AFFF704F908F6F607FEFB
020904FEFCFA0906FCFEFE07FC010A07
0908030607F8FE0305F80AFE03FB0405
000808F605F90600FEF9FFFD0503FA01
10FC0EFD10F912FE0CF502F80505FA0B
15E906F517ED1F030C0702F3FBF6FFF9
182101F30B0F09F71B0C0CF31DEB060B
1AFA160D1EE32BFEFEEEF20B0106EDFF
060715FF060F09FC00FF1EFD13091FF8
03F806FF02FE02FD070908F9FFF5FF03
1619F60AF80304FC05F606F706FBFE01
1801141412FA14050E0D01061D15F60C
FBF51D10F5DE1C0FF9F5151C05F11B17
1EEF321B19EC1F1D1CFB1A1CF6091421
11E806FF12E50CEB0CFA0F0424FF1306
F9E81F0BFDDE1D0C0ADB161514F11205
000709F90A0B060B0B0F060602F91011
070FE901100FEF00F7FEF90207FB02F6
FDF715E701DB1CF7F1DA11F9F61FF1FE
DEE6040EF9EB05F8FDDF0A06F2F015E6
101601011606FD032704FC04FA16FAFF
0318FF050725EEF40D24FA0C0C19090A
F8EE1E16FAFB030DF90BFB0DE921EBF4
FE08FD0AFB0F0CFB0C0FF7FBE0001106
FA20F2F7150208EE02000AFE01F7050B
06ED1DF5FC000FEC0CFA23EB0D002CEA
EBF1FDFDFAC6030701BC10010ADE27FF
101FF5050716F30E1507020D0300FB17
FF16FB0D000EE8020605FA070A13EF0E
EBFD0600E80804F8E112F90EF81DF315
0BFD130D00031308E2EA08F1CE04F6E8
E208ECF814F520FEF70A020709FEF7FB
02FA17F0110D08EF0C1108F801121FFC
FFEFF4FBF5EAF8FB00F3030EFAFA0311
0A0CF3F9FD07F9100307090DFAF30505
0306FB06F4F7F2F6F1FCF4FFFDFEED06
E00102E7DFFFF609E907F612010AEC16
FFEA1014E70C080EE1E40BF8EE07FEFE
0512F5F1F6FFFE030403FDFF07F703FF
00F814030AFBEDE10905D5DD0811F4EC
0E0EF5FCF60FF4FFE20301F5FDFCF1F9
11FCFB0201FDFB070E1106FB0BFBF812
E407FA0502FEF4030EFBED0A02FB0007
DD130800DF06EF0EFF01FF03021CFBFE
FCED0114F203FE0BF0EFFD05F91008F6
FB16EEE701FF04F4ED2907180601F505
FFE3F9EEFDE5F0E6F8E2D5E702EB11F0
0AFFFBF402FCFA03FFEDEA03EBEAEAF4
08FF040A04F20EF30EF8F80815F206F6
EE04F5FE0A07FA000512F001F803F6F9
EA0CF600F50E01100001F706FF080205
F6ED010900FEFDFFEFECF60201F900EF
FB0904E0F8FCECF2F513F217010CF208
02EDF2F7FFE109F9F7E100F3FCE425DD
FEE6021910EA030104D5F90403D9F105
00FFEFF907040FFE0AFB0C160DF8F10E
F211F5FB080BF1EBFE0BF0FBEF1ADCEB
1208F912FF090CFEFF160AFBF70EFDF3
ED16F500F3090100E2FCFBEFFD09E4E5
051103FBFEF6FFF6111200160C12FDFB
01DD0CF604F70F01FFD903F020D817E8
07E80301FEDDF007F8EAFB0EFFF2FBF8
090B01090EFBFF0BF9F10E0403ECFE04
FF14FDFFFB06EBECFE25E7EAEF1BFBF0
150E080AFA1513FD020D0EFF0213FEF3
EB08F312DB02FE18CD0AEFFE0902EF02
FAFF0EE8F60BECFE1107110801FEFC04
02F3F906F9FC03F700EAFFF909DF08D5
0DDD030203E2FCFBFFDF030908F6FB00
F909E60EF8FF031C07F10C0BF7E90205
0203FEF4F50BFEFEFA08F7EAF515F7F1
121FF9F0181C02F9F8030C06041303FB
FD021113E60CE907DA16F0EFF316F6F1
0A120CE90A07FE091712F7F8030D0008
080EFF14FD0A07FC090D09F8081A0DEC
01F9020000E9100400F80F17EE08070A
0A11F112000A061A03050814E7EC03FC
E31A0EF1FC1209EE1719FFE30309F9F2
151FF7031715FC04FFF904FFFA0C1705
FDF7F61AEF16F9FAE61EEB07FD0AF208
052209FE0AFCFD1005090703FE0802F5
0918060BF2FBF6F406100BF4161A22EB
F3F3FEF9F60501F60810060D15140907
15120904090A0409F2F7FBFEED06F7F9
D804FDE9FC0D10ED0E1016EA06121CF6
1EDF0C0514ED100709EC1B06F2ECFDFE
0BFB0423EB11F1FCEB0EF31326DC110F
142006FF1011FE0E0D11FEFF01F20A01
040FF0EDF11501FD021C16E92F1D23E5
F80FF2E3FF1301F0090401F911FE07EE
010120160B0C050EE006F80DEAFBECFB
E2FD0600F00618F7001118F0030F26FA
1DC3030D12CE0A060DED05F6F3010C06
F1091010EE0CEF08E9E7EF1205C60319
05141DF51913F4EE0611F800FFF6F7FE
04FBF5E7FD08FAEB161F09EE0E2012FA
F9F0020A07F1FEE617F600E81D0B0FE6
FAF80C0CF7FC1214DE010915DAF7F608
ED0E16F7FD090DEBF3F80BED01F11B03
0ADE000314DAFDEE06F30DF4FC090BF4
04090D19F6FAE926F3D7FC08F8CCDBF0
040A06F0F3F8F4FAF713F4FBF801F700
070509DFF913F8DCFF27ECE5FC13F8EE
E8E70C21FEECF5050BECF90210FC13EB
00FF100708F11E0FE7FC1924D4040923
F30A04EFF609F8F807F905EF0AF80DF3
E7C2FC000DD30BFAFDF60BF50C0C08ED
FDFB061AF61AF41009EC0706ECC8DAFB
F20602FCE80203EEFB08F3FAFD0208F9
0DFD15EA101012E9111302E7F527FDED
EBEB0B3AF1D9FE2E09E0112412EE0500
15FC0AEE08F51A0BF2FD1916C8F90432
EA0401F1FC01FBF3F6F70CF60DFF09F6
E8C1F9EFFCC902F4F2E600F4031001F1
FA0C0213E805FC2001CF040BE9D5E5F8
EB160404EAFE0BEFF20EFBEFF9F7FA00
FD0308F80908FCEB1011F2F00019F605
DEEEFB3BFDE8F62907F6FC210A040202
2505FEE920FF10F4EBEC090BC8ECFE30
F9FD03F8FF0DFFF3FD0DFDE50A03F9ED
F2C3EEF702A90002EDC1FD00F1F601FD
F407F917DE07FA0DE1E00E1DEBCFE706
E802030BFC0D0BF5FE0A00FAFE160C09
F2110608F811EFF1F618F3F1FA0EF30E
D30BF91EF302F51FFDFCF52DFE0FFA1B
191BFADE20170BD8E5140A00C7050A1B
06F507E716140AF6080CFAEE1106F0E4
02BDE30AFEB5000AFDB9FF1102C7FDF5
E7071A11D30F1A1E00F21A2201DAEC03
E8F8F00BF116F4F3081AFBEDFA03FB09
0B12FA08F91FFDF5F317F70106FCF404
EFFFFE22F30F011D0714FC15000DEF07
2E10F4EB230FF8E8EA18F3E7D513F810
0CC904F50AFF04EB1606F6E71B03F6FD
09D9F20F0BA9FD1302B80413FFB0FD06
F7070408D90012270F120B1C18E5E9FD
E1F6DE08EAF3F4EFFC15FFF7080902F8
090107090514EB04DD03F7FBF700F303
E71AF90F0603F3230A12F1160807FB10
1EF704F4172106E3F821F6E4F618F706
0CB500F619E9FEF724ED02E915E503E3
0DD6EE1401C7EDFF02BCFF08F4970314
06FDFE04EA0707150E04010B09D006F8
E7ECF306F3FFEEFA00FEF8FBFD01FFFF
0CF707131D04F62012F5F80D0BECF219
E91DFA02F3100208FCF6011C0FFA0806
1BF8F1F31A03FEF9141A02F8F82502F4
FC9509FF13C307F714D70AFB1FF002F4
E2D0F50AE7C902F9F5C201F903A209FF
08090206F213E41102EDFEF1F9E40F09
EEE3F808F0EF0DFF04FF05FDF709FC04
10F305110800F51211F8FE1107E50509
E80BF701EC0801FF0101F8030AEF0909
0CF8F4EE0502FDF9F707FDFFFB0E000A
F6AC05120A97FEFC0CCB00EE0AECFAFB
EDD7EEF3E9DCF2EFF2BC120408AE080B
070809FAEB1AF8F802E909EF01F3F3EA
E7FAE9F7EB0F090C01090907F90A0002
EFFE0CF60FFBFB08FC0BF006FB05F705
D4060005D703EBFDE7F3FAF4E2EDFAF9
06EEF5FAF7ECE8FFF9FCFBFEDEF8110D
02BF0B11F3B10DF408C309EB03C4F907
F6F9FBF1F2EC01E6FDD50CFA06E512FB
FA040B06F70CEFE7E11003F2F006F9E4
EF0FEBE9F31DFAFD00FEF70108F80501
CDFB08EBDF180EFBFE3701EFEF1A00E6
DAFC0A0ADEF8FCF9D3F3F9F5D70AFFFF
F5F1F0F8EBF2ED02F2FAFAFBE7F10309
0CE80EEF0DD305EF04D9FCE900C708F2
FEF007E5E8ECFFE007D903E611EB15EF
04080402FF0BFE09FD02040CE9F9FBFD
F318ED1F02070AF8FC00FCFD0A08F70A
ED0A09FBE70709F9F61A0CEBFE210309
F4F7110FDBF51D0DE7FC10E0EA0314E0
04E6EEEB0EEE08F004ED02FAFDFA11FA
FEDF09D50CD910DEFDDBF4F003E2E6D0
06FBF0E9F5E5E8DF07DDFDECFDEA03E7
03FA0309F80AF708120A040EF814E5F4
F9F905FA06FF04040A0B09F8FA0504FE
0C06200E01FD1C03F8F60E03F8E51AF3
09FE02FCFDF51CEA1B0B23FF0B132A00
15D90BD628DF14DE0F1003DEFBF10EFB
0BF601E219E218D9150B0FE319FE02E3
05EB1C0C0CF80D0506F41B00040202E6
F70709040808F7FDFCF8010CF9EC0503
FAFC09FB03F7FB040103F60602020701
1C120DFF081106F1FB21F807000FEF0E
0E0CFF081D2300081A1111F80E2505F8
1E2216F7231728F6073AFCF60CFBFFF7
0AF81FF619E907F6450418F018141F08
1AF6090419FA1C0E1F01191017061901
0BF606FB040A05F50A00FCFE00F9F506
05060B0401FCF9F6F903F6FB0BF806F9
040BFB0502F506FD08FAFF00F90204FD
080202F8FE0AFC0BF9FAF8F701020503
09080BFA04FE03F503010F040A060401
F8F8FFF7FBFC040609F9FB05040705FD
0506090708060608F6F605010AFDF903
0807F900F80605FDFCFBF9F7FC07FF00
FBFF0906F9FE0206F6070909FFF50302
05ECFC10F9FBF91002010AFBFAF8F607
F8FC0B0200F11117FD0002F9F9FD0601
09EF0B0F0708082008ED081600F00C12
F6F61808F2EC0D0FFBF8020F07E90A11
08F30B00FFF30D0802EF08FEEEF51310
030BFA02FA0004FAFEF5F904FAF50AFB
F8FAFC0D0005FEFDFE0A0601FF04FFFE
F2F11A02FC0110FAFAFA06E801F9FAFD
03FE2613FBFC2613E8FE1C06ECF30C12
23E8201C18DB16210AF2270FF5EF2104
16DE2424FDEF2D1A15F3271F22E42824
FCFA0B0900E80E0802E512FB07E91817
09FD06F6FB0AFA02F7F41200F8EA16F8
F6F10F020B111B00FEF6F700FD0108FE
0FE802F3060507FF0E061100F3EF13FB
FD01221106FB24F6FDE626EF21DA1BF9
25FB170809E9090AFBE61E0E0FEF1E13
02FE081502F5171A0CE6090C27EA10F3
EC0D11F3ED08110DEEF6FF1614E5FD12
F9FB0107F706F802EEFE02F9F9FC02F8
180E0515FF0B19F604FEF707FB010AF9
0D0D06EB0C0A0BE91D090ADDFE080AF9
090E120E09FD20F116FA1DE016131BED
08FA090DFF040A050C0E0FF90C141DF6
01FB170CF8FA09FA02E5100411FE21F0
EA0AEE1BFE0B01210EFAFB1601EC0EFF
0701F9FC11120802060CF72C030FF31F
101624080C061A150406FE06F7010B00
0C14FAEE201010F02F12FDEE0B0E26F9
FF0C0A05070C0DF20C0AF1E2150EFEEF
030C0802030D0701F905FBF9FF0D17FA
00F80208FDF50409FDFF09030EFD09FA
F5F9EE14EFF2080AF4FF1DFBF5EF1311
0A05FFF400FA06FAFD0D0514EC120111
F904F80FEEE5E9100702090206F604FE
0E160FE4150C01F220FAE7F30C050704
F00813030305FB180111FC06FE09F6E5
FD050D11EFFFF610EA060517E7FEFD00
FDEE0614FFF2FC110003FB0A080C030A
EF0B0209F7FD06FAF711F20C00030915
FB040C1302150112FD091219EFFEF508
04F7FAEFF1D9E0110FEF1012FB04F706
FB0BFFF60002EFFA18F3F5FB120E1407
F5E90205FDFCF1050D00F609031102FE
F708051AF0F70928F1080516EFFC0107
0307FF280DEF051E0AFDF51C0110F321
E712FBF3F3FF04FBFC07FA200002F023
0CFB08100309FB16F70A070EF4FDFC0E
091B00FF04FAE3150EE4ED0205F6F6FD
F6F7FAFDF60606ECFBEDEFE9F6FCFEF0
E9ED080D02F2FA03F6F2F40AFC0DFB05
040B010F040AF516F303F72001F20411
03ED060804F2031F0FF6FF200301F621
F90410F90E060C010205F7FF01F90911
070220150C100D0A10FD05EA090409F9
F915140007FFF9FF14EDE6FE0C02FEF8
11F9050205EC02FC03FCFFE719F1F306
0BF3FC0EF3EE0BF9F8E701050402F60A
1E0AFDFB1E0E00F81C10FB0209F9FB05
FA00120003F30203100607F80CFF00FC
F2FF1AEA06F800FFF00105EFF6060304
05F4F918FAFC05F4170411FD050606EC
120AF71F07EDFDF70FF1EDFB00FCF3FC
FFFEF908F9EC0D00FAFF08F313F70DF6
0D0306FF0E0608EB09F9FE0CFDF40008
06F607DD180705D42AF201EA210708F2
090417ECF90D02DF03F801E2060703D3
E3FB09D8FF02F6E8F8060EEF030306F7
0C0CFB1411F60C140AFAF5FADFF9F6E8
09F60E131EE7E3EB09EAEC0A0C01FCFC
F200F5F7FDFF010302E805E411F11608
11FBEBE1201300F50C01FE06ED05EAF6
F0F208E6EEEE12D3FEFA18D9040B06E2
05100BE40B1106E0F602F2DAE70BFCEA
E6F0F7DCE8FBFDEAE1FCFFDEFD010AE6
FBF3F7FF16182516020320F8CAF60EF1
12F605F708FED5FA14F4EF01FCF8F9FF
140000E90C02040506FCF8DB0BEB04E3
00F6F6EA0E0001F1120B02F30A05F2EB
F3060AFEF3001C00DEEE07FDFAFA03EC
F117F9E2F70CFAF8FA1408EDF11FFBFD
D30BF1EBD7F5DECDF10601C8E715FEE0
0CE4EDFEFCEDFB04E8E2FDDBBDF8EFF2
08F715F31BEAD3EB0D00F8F603FF1103
0004FAFF19FF07F111EE09DF15EB01EB
E6EBF000E7F5F5FA0705FFF5FD0E0CFA
FE220CFE090C131EE30C1919E4020610
F408FFE9FC1302FC041F07F8FF220BFE
DD06E4E6DB0EE3C2EC03D6C9000CE4E1
02FC12F400F4F6F0FBF4E5E8C8DEE3FA
04F607F610F9F3F80EFFEE0C02F40613
FBF403F700E707FBEBF2F3E2FAECECE6
DEFF0410DFFEFD0DF302FD07FE010505
190E081A0D101E1BEF16130EEB01F705
FC01ECEEF9FBECF20B1002F00D1E1007
04F7EAEEF2E4DAE305E5D5EDEBF0D6FD
F6FDFFF6F10013E6F309F8EEE7F4E201
0C0AFBF512020BF70CF8FC0A0EF5FB13
DEE71100ECD503F4DDD4F1F1ECEDF4E5
E6F7F913E100FB1FCA131117C5FE051B
0C210411061F1712F81A1005E505FC18
F3F3E6F209F9E5FFFF17EBEF082308FC
0FF0E0000BE1E8E707E2DD0605E5D5F1
02FE09F00D0CFFFBF5FC12F5FEF2F015
09FF0DE90B0719090F010602FC0000F8
D3FD0807E0F404F3E5E7F0F8E5F2EDE5
D8F70428D9F6FE2DC804051EC90D0C0F
FD02FA00F90B1109F514141FF30B0529
06D8EE0201EE01F4F9F3ECF2080DF5F1
F5F1F3050BE4EB02FFE8F0FCF0F5E4FC
F7FA11F3EA020CEDD7FF16E30EFFFF04
11F50EFB1801FF030305F80AFFF80809
E100F307E3ECFCE7EFE3F9FAEBF5F3D6
DBFB0121CEFBF318D3FFF501E91B0C07
00FAFAEDEB0107F7DB161410DD02F81C
F7E4F115F5D3F107FFF5F2FDF2F501E5
08F6FFFDF6F90218F109FC0BE9F1FA06
02FD27DEFBED0AEDF0DD01FB0B000701
1AF801E81A09FE1417010CFD15F8FDF5
06FC03DBF50501DDF7F105DDFEEDFFCF
D0F2E601D8FEFDFEF00300EB040F00DF
02E506EBEBFD00DBD50907E9D1FEF00A
03F6FC1708ECE70A0AEAFC02FFF30AF2
F8F4FB0F0E01F11606070219030BFD1D
06EF13F5EFD902FAE4E80CE806F0FBF6
21F5F3E604FBF90B13FBF20F02FB0406
08FD04BDFEFDFFD40DFA00E904FDF8E3
F0DEF1D8FAEEF9CF050CF4BA0BFE02C6
01F509F2F002FCE5EE050AC9F2FDE6E3
0CFC03190806060F0CF9100D0DF90CFB
1FF41E06FFFD1617FEF9FD240401FB21
08EF03F2E9F209E5F3FA28F31CEAFEF7
FEEA0F0FECE9FD070AF5F201FD0AFF07
0A0105C80DEB03E3F9F3FCF1F9FA13F4
0DF0FEC31FF1FECA1209F6D011FD00CD
02F42004F7FEFEEFF90B06E3FFF8F4DC
13000A2512FE080B1300010303F61504
05EF191005F01B1CF8FD0C0D0AFC1920
FF0A0DFF02E610E7FCF2120D19EF0E05
F101281DE6F22415030A0813FCFF0CF5
12FE14FB00F20B0907EFF101FFF61924
0F03FBE80FF8F9E216100AE1120204DE
FA031A0FF7F9150309010B04140805EC
0AFD1A12120225F80B060F0206F8020D
00FB181605F81815F1FB0C1B06F31B1C
FF020409F5E80008FFFE090807EE0E03
F801241BF309190D04FC000BFAFDFB0A
08FC0F06FF110F0F0AF7FF2903112019
130D000A040A03FF09FEFBEBFD0801F3
FDE9050405F9FE00090407F90C020EF7
13F514020D090E0200ED1002FDF704FF
F7F41A16F9010C0D040E1EFD06F01817
040604FDFDDFF30C00020D08E1F81315
0C00351B0DF6151B03FBFB0701F9F905
080BEF1CF500F43107F700400EF41D40
1502F60A040B000F08FF0510F80EFE15
120109080DF6F30F02FF090901160C0C
0B0D11030E1619FD010412FA00F50D02
F100160FD90C1A13E90A18FC060E200C
F80A04F807E5FA04F409F518F5FE0A1D
07EA0B19FE020C07F60809FB01FCF5FC
0207E22AFE04E92E19FDE5241F03F82D
1412FF20050F01380A00FF220B01071A
06F3FC1302F400230302FF15FD01110D
E71617FFF101130A04FDFD15F502FC12
EB17010EE414F912E7010912E30C100E
0306F6FE0B01FEF5F60801EBE806110A
F0EFE505100D0213FA08F9FCFF00FE08
230904251E0A09250E08E21A1003CD0F
0210F91B0FFF022B1EFF06221F0D1019
00FB0A1203FFFC050F010E2A22F0102A
05FE081BFD071202F5FA1516F6F3101C
FEFA0D28EF030C2404FCFA1DF5060D1E
FEFBFB0607010CF7F6FCF1070FF5161A
FA10FEFEFDF9FC04FF0502F6F8FB0204
141505E7FD1DE7F2FE0BE5FCEE1CF5FA
0D1003190713F316F207F1FC0B0301EB
02F8010B020AE31D0CE5F61E0FF70218
0BFEEE0B03FE0200F50A0A0B0B000913
0E010B21FD0AF820110B0119090A0012
020BFBF9F60900FC0A02FB07F7120A01
F901F50300FF06FCFE0AF608F8FEF6FD
0312FE0A1B04E90D1DF2F00816E9F306
F6FD03F311F9F3F40F06FFFB0A0800FD
F60609DFF511FA101802EF02100F150D
FF0EE2ED0016E1F20F00E4ED01FFFB04
0A03E9F6030DEEFCF608F501F7FFF4FA
FAFB0A0008FAFEF9F50502F6F60AFEFE
FCF60100FF060A07F900FBF708FDFDF6
FAFCFCFAFBF8FFF703F90A080AF6FBFB
F6FD04F90A04FBFC080B09070B0703FC
020BFFF809F9F4F60900010CFA0B0707
FCF6F6F807FAFB0508F6F902FE09040B
F8FC08FDFAF7F5FAFBF90AFE0AF8FB09
F9020AFD02F8F604FD0006F8FBFB0309
F707070BFDF606FEF70101F807F802FA
FB0FF31508FE0604F80909FCFEFEF7FD
FFFF0511F712FB21FE050002F80AFA0D
151A080F0B05120BFD01F6110803FB11
FA0A0D12060E0411ED06EAF2FF01F4F7
0012FF010600FF0A08FE0F1205FE1814
0201FCFB000002FC0A0AFC09F70A0307
0600FCF90209F70C060A080204FEFAFC
0C09060202FCF907F904FB030A040815
11FF0304FF0513F6FD0A15F3FD080D03
FE10E904F410EBF2EB20D4FBF510DF0A
040B1C1509FFF90EE9FFDC09F311DCF9
FE09250EEF132811EA123004000B1814
08040604FC0A07FB07F810F9F00F1504
1F1311070A1A0DF3FAFEF702FA04F7F6
06ED2C04F7001B08FBFCF30E14100712
E8EBE8FFF4EAFB08F2E81009EEDD240C
F1EEA6F6F7FBB0E4E602ADE0ECECBDE8
EDF50101FCE3FD14EE00F1F8DFFAC6F8
01090828FA011614EDF70612E4EFF309
0702F7FEF8070C0800FC00FEF7F8030F
0C0B091015100BF5F8FBFA04FDFFFB01
DFE01CEEF9F41BF4FCE6FE070DFA0CFC
C9F0C0F8D0E9E5FEE2EFFA09E9E90406
FEFDDB01F808E102F40BC4ECDAFFBDFC
0704FB0F0109FB010B05EF0CFD05F00E
FAF42A0902EFF911FCFAF818EDFEF90E
FCFBEE071004F70908ECFB030AEC0705
0307070F091F1CF60702FA0701F50BF7
F9EB0EFCF0E315F401F318FC00F81A01
D3FCABECC8F3DA00DDF1EB06F2E9E600
F9FEF50308F4E805EC03C6ECE204A2F0
0007EB0D0008EA050A01001901FDFD0B
E3FF1A10F6EE0613020F0413FFFEF519
FDE9091108F20C1B01F1F80AF8EE0A0E
F8F90BF901F512FBF0F7EE0CFE0106F5
09F5050BFDF81303E6F909180CF92503
D2FFC2EBC5F4D6F2BBEFF4FBF0EA0003
0900FC0B090EEE00F30FCBEFED11B2F9
090AF713070D0DF4FFF0FBFBFCF7FA05
FC06130EEE0F0602F9140B0A190C0510
FE110513FCFA1117070AF625F8EE0218
06FF1201F8FE11FCD9150003010008FE
FEFA07F9FC0817EA0E07331813F62111
E603C6E6D4FBD7F2C400EB0CDDE7E708
10FF14F6FAFC09F80914E200000BCEF6
0F12040219FF0A000DFA1F100D0404FB
07FA140CFD1D101405160C0F0B07071C
FA0A0608FCF20E1FF6ECF80AF8F0F815
000D0702F7FA0F09E7160F0200F81EF6
E8071401FB101DF40D0935F10C0C28F0
F2EEB5F9FAF9D6F7E30DDF06DC0AFD01
040417EA021102EC1300E4F804F7C0FB
FBF90B1A0101110DF6FC29000CF41406
0009F711F508F80C0D03F925F610F820
0F0405140CFC092612E8FE0A12F0FF08
EF300BF8F414FDF1F51608F3010C03FC
DC0712FEEF0C0AF3FF1032F503082704
03F0A9070C05E0F5EC0F0AFEE516010B
F61D2DEE040D16F31404ED0107F5C30A
FF00010DFCFA0B0BFCF6270A030538FD
0B1200DB031103EFFF0EFEFCF8F0F000
FC0D14000508130B15E9060835FF10F8
F90DEBF0E719EDF1F8260EFDF803EF01
E90C08ECD610E604FB0814F50C191A0C
0EFBC6F811F7CBFB0204D405E20AF205
040823EAFE2031ED040202060FF1E101
0C060AF7F4FC17F4FBF915FCF5F41FFD
1EF60DC9071405C1041EFBD50801F0E2
FB120CF8FCFF0C0916EF27092AF628D5
E906FBFAFB13F9F7FE1506EA05020304
E624E4F6E10CE303F0091EFDF90A2416
0403E1F515F5E4FDFE0ECC0BEE0EC4EF
111013070F1D2201FF121F01FE01F307
0D0EE8D817F7F4EA0AF402F90BFC0A03
23FF26C613F806C10B100ABD0F0CECC7
041214FA27EF0C0D1FDD1D0533FE21E8
E40801070322F2EBFB11030101080205
E911D9FDED0FDCFDF1030DF30C0F2902
10FCF0FF1A06EEFB0C1DEA01FA19D4EF
180D0E1B1213131E16FB0E1CFEFC030F
FD04E6D80AFDF0E207F904F511F3FB0B
1A00ECCB00EFF8BC1302E6CF1013E0C9
FC1E16EA16F906FB0DF913F30902E5CD
F50F0D10E52501F30D1609FC0B050613
F40AFAF8D304F3FEE7FDF8E7FF1918F6
15EF0D1314F7090319FFFA050AF6E4FF
180BF61814090F1810F909140AE11B15
F6FEE4EDF501FCF8F7F1FEFC0CF0FF11
05FBDCDD0105D0CC01F2DDE00C02C6F0
FA05FBF9FB00EFE5FF00FAEAF517D8DD
FC1319FFF4140DF4F5090500FA010208
00FCF500F1F4EEFBEC0BF9F9ED00FBFC
04EA150811DC04FB0AE105FF00E6030D
0503F212190C0D060DFE0F0B02030905
F200E602E20DEAFEF505FCFC03F505FB
E708F4FAEF05E4EA06F6D6F20DF4D809
F915F6F9FB15FAE90CFF04FFF100F909
E7FD04FC0B0A121D02FDFF07FE0308FF
02E1F90A12FADFFFF602E2F4FF03FFF0
F9050B07FAE0070400E0000B0BDDFCFB
01E8F8F91A0BF71704200CFDF611090E
E5F6E2F6F0FD02FEF0FCF7F609F60902
F0EEEAF1FDF4F101F7F0DF03FDFEBE03
EC07FAFCE91807E8FA03FE16F604010F
EBDEF9FAFA04F315EEF70AFFF20D0BF3
00E2E40C1BF3F10006F7FCFFF8180FEF
001C0BF201F8FF05F6EF010408D5EBF9
03EEF8FFFEFFF8FAFF201305F0250809
EEFDDB10EAFC0014F401F0F4FBFE05EE
02F40407E3EE0B08E504F115FB06CB01
030F09EEF1FFF8DAF810FE04FD0B0C10
FCF1FD12ED00F205F6020614010906FF
0BD8FB0E14EDEAFD160DFF0DF71708FB
EC291EEAF51C0EF702F00FF60ED7FDF8
FBF0FDEBF7FC05FA01110CF2F13116F8
E704F517E8FFFE0103EAFAF7FCEC0E04
EEFA0C0AD109190FE0091323EC0DFF11
0B10F9F8000C00ECF12014D5F71020F3
E2EAFD20F100E5FC020506F7F5000B05
13F0F21406EEF00CF8FFEE04FC021310
FB1B10EBFB140EEF0315190406DE07FF
07E1F00100FBFFF5030F170DFD151205
E5FFFB12E9FCFB06FFFFF8F90BEBFBFB
D4021B01D51308F9E3060119E801EB23
FE0B19F40E0914F3F811F7E0E30DF7F1
D8FBF419EC08FF03FAFAF7FFF802FC08
FCF009FCFAF2F607FCF1F807F506FA14
F91A12F1F11300F1020D0303FCFE0008
FFDAEBED03F8F3F6FB1710FDF51E1CF3
EFF6E411F1F2E9180BFEE61114E6FA00
EC07F604D500F8F5F5FDE906EE06DE0A
0C0F15F60E0BFAF40C08FAECFB0FFCEC
CE02D612DCF9E5FF06FFFD0307F7FC00
F8F7040405080F0C08F403FBDB00F213
F70F0901FF1A0D0002FEF8F80301F402
00F2ECFEF2FDFFEEFD03FDF6032200F7
F300CD100008E809FF03F209FBEEF701
EC090208D4F5EA01E3F2DA01E8F2DC17
0608110105070BF30D070AEAFDFE17E4
EA0DDF0DE904E70107F5FE000E0503F9
FDEFF0FCFFF90406F4FBF5F9ECF5E213
FE0DF704F813FAF1F9020F06F0EDFA02
F806F90BFF0514070C0105F90A100402
F5FFDD11EDF6DA0BF9FDE10BEFFFE60E
00F606FBE2FB06F5D9FB080EE8F0F11A
03F70806F40413FC010D1DDB01F914DB
F505F8F9EEF80B07FAF60E0902FE0F0D
FFF2FEFE06FDFCFCFB0A0AFE02F9FD02
08F4FB0F0CF5F707070C05F8F8FA05FC
FD0509130A0D1A1807FB09060904FC0C
F2F5FE11F3FFF10AEF05F60DF501011C
04F112F5DFF10A04E7F40500E5EC0A08
FFFAFFF5F504150D150C12E31BF705EE
F1F3EB14EC03F80D05FFFA020407F609
F403F00AFF090701060B0A06ED060008
03F40F0C06FE090C110A050E13F9FAF8
F91B120505171712001D131609152113
DFF8E41AE704EF09E80CF905F71AF905
F8E6F9E7FBF004F4F4DBE300E9EBF50E
FDFC04F6EA0B21F8F7FB09F5F2F717EE
DCEC0218F6FDFB0D05FB0AFC07F7FBF7
F2EDDAFFFDEFE40DFAF1E8F7F0F1F9FA
0DF8FEF6FDF3FDF201F5F51908F3F1FF
FF031DF502FF1D00140610FD0B04120D
F2FD00FBFC01E700E4E9FCEF0806FB03
06E4F8E2F4EA0BF5FEFB06F8F1F7E5F1
F9F707FDFD11FFFEF90405FB0402ECEF
EB1D090304F20B060402FCF5F8F507FB
F7FFECF8E5F5D2FE06EFEFFBEA051006
0706F3F805FBE7FD09F6040D00FCFF09
0707EAF60502FEFF0CFE080601E60811
0CFEECE110F8DFEF14EBE0EF0AE8F2F1
0FDD03FDFDFC00F711FD08FA0EF1F1EF
060503FB05FFF7F201FEF701F3FAF705
08F217FCF6FA09080A0BFA0106FDFEFE
070C09EB1600FBF1200203FA28F224FE
1602F3F5FFF6F9ECFEF004F30107FFF6
10FBF4ED1E01DFCE0BF0FDDD07E1FEE2
1E0711E219EB12DE11F8F1DE10F7F9F8
1504F7F4FE15F0FDFE11F3F200040FF6
09FC010903F8F602F8FE060202F4F701
F804F705FD0003F9FA06FF080AFAF506
010D1AF6F10D170AE42205FBF70DF8FC
19021603FA1015F8FA071C00F8051D00
1914FDFC191922E5FE1B1DFD0C070BFC
05070BF110F102ED12F801E60F10FBF2
0BFEF6FE00050A02FCF704F0FE00F5FA
F609F9FD0806FEF60AFEF80400FBFE0B
08FA04FF01090307FD00FD0BFF00FC05
FC09020103FEFCF60AFDFE0302FF0AFF
0AF6070BF50501FDFCFDF7F5FDFC02FE
F8F80C0001010709FAFE040D06F104F7
FE0704F801FB06F6F70A000AFC0BFBFA
0204F507FCFBFB03080A06080401F806
0109FE09F605F50406FFFE0BF907F7F6
02F60405FDFDFF00FBFE07FD06020703
FFF50603FA0701F905F900FD03FA0000
FBEB0DFC0BF81EE602F70FFB0805FEFF
0D1006FC1001FBE5F5ED05F409F40FF4
040320F30C021406EA0B2A10EB0E0F14
F505FE07FEFF0B040AFA0AF907FC0BF3
FCFDFD0BF5030305070805F607FE010A
F3FF02FEFEF5FC0AF7FE01FAF7060BFD
E7EA0FFEECF2120001FC02FAF9F411EB
DEFC2511EE093C13F2F22904FCEF20FB
0AFB22F8FCEA20F7F8F20AF0EAF618FF
110204010DEC110922F60E0DF9E922EF
EC0010F8F6030FF3F30413000BFE0D01
05F809FBFAF80003FEF91102F90C1CFA
EA010C1D1D060505FAFEFF0207FDFBF9
E1100718E6FF1112F4FC0608F1FA0A05
020A27FD0419180CD30B2012D71A0E1E
F8EA0C0EF9EC17FDFB0C1B080E071919
11F0FF170CDEFC2301D80113EAE9FE0A
F1F713EE0BF108EC02E809F7FE08F907
06020A0002050D080408F206F40506F5
1B17F2141A16120F08FFF6060AFB0109
D900141BFAF22A24F5F839050A0F10F4
F01D1815D6191013B710110AC91016FB
F7F5F00D08ECF3F8FF0608EFE8140AFB
F6ECEE1CE800F917E8F6F6FDE1F5FCFD
11FC00FC02F1FEFCEBF3F108F4F7E80F
E70B13F8F904F80F1109E8180DF9F006
050FFE0E11022912FB0308F9FFF8F7FF
FD06FDF4100F0F1D1B001D1607122910
0408E80BFD03F11AF005F30CF3F40905
0F0709031DFFF6FA01FBF3040A0DF803
F1F1F402EAFBF2FFEEF306F9FDFD160A
14F9FA12FDE7EE09E5FBDFFADB00DAFA
FC0508F8E80D00F3FD04EE1417FD000A
F9100F15FFFBF50C03070D0DFFFE0008
0307FA0306060B0702F31E17FE181A10
1E17FEFD0203F71CFA0DEB110BF9F50A
F917030E121605F90018F3FC120AF3FE
E1EDEA0CDD0BF411E309F606E0061308
1BEDEC0BEEDCE91CE2E3DA04F5EAE016
EE0801F0FEFD0002000DF4190EF9F311
FC0918110007000E071F161FFD09010B
EB120C08DB0E06FDF7FA1B04E01B1604
0C1505061212061D0A10FA11E901EC0B
EF16FF12FD121218FC2DFC08041C0610
E4F8F721D508ED21E0020927D60B001C
14F6F013FFDEF61AFDE2D801EBD9DF0D
F0FF09FC1C0505FFF9F6E914FEF3F50A
0E0619090A01F703EF10140DF1F30905
F71508F9DF0D04F7E3FB15F8F40321F6
030D0221001EFF1E07F10010F105EA06
0315071CFC0C1526F818FD20FF17F01B
FEFDE5030110EA10F400051CEA09FE0B
0DF702010AF3050800E9DDF906F2E001
0201F8041110F60D1EF9E5F813ECE8E7
060D05EF00FF06FF110B0BFB0F090B06
FE0EFDFD040901FAF6050AFAF4130EFB
060DE8F5040CEDFF0707FF02FB01F4F7
040E0AF91A1502F01317F1EBFE0CECFD
1102DDEA2705F4FE1616F8FE041609FA
0510F10215FEF8031CF5E2F205F9DFF4
0EF20D0A11110B0618FFF6DF0C03EEDF
0217FDF8FF0CF7040B03040012FD060B
FAFFF5F3FE17F6F3EE06EDFB000CEE09
F10AE2DDF710E3EA06FFE8E80E05E403
0A0E11D1102B07CF1019F2C8F904E2CF
1FFFF1E10B0EEFD60A0D00ECFE160EDE
0414F3E61E120CF015FBE9DF1D05E8E5
00F70B070904001028F8F3EE19EEF4DC
0728ECF9041DE919F70D070012FFFE03
EB08E3E6EF02D2F5EB0CDAF60821EDF6
E004E1CEF0F8DCD503F4E6D713F3E7DB
020E0EE6051818D70C2006CEFF01EACC
1BFEFBE1110FDEF2FE06DDFFFA04FC01
18EF03E1140E13ED1F0709ED1215F6DD
10EC0EFD1A05D2FB1205DDF41EE2E4EB
FE08EC00090CE007FB0DEC0503FF0003
FF05CCC7DAFECCC9E713DBE1E715D7E3
FFFAF2DD05EFEED30002DEB70C00DEC3
030E0B08131712F01C0219E10EFA0DE6
FF10F1F90C06EFF4F50BE603F8F4F603
FDEDFCF6EDEC18E4FBFE06F1FE0E0CF2
FDFC0CFE18EBECEC15E316F7F5DD00F6
02FFE203FD020703F60EF1FC0A070D07
00FFDAD2F4F6E0C9F103D3C3E902D4D0
12E716F30FEBFFF31BF6FEE10FF2FCD1
FCF6FCFF14FF16100901130C17F90FF8
F8050FF0F80BFC03FE0C000EF8040B08
EFD910F9E4E60EEBF0F51E01FEFD16FB
EB0803FFEFF3160503F21103F0E926FE
061705FB0114FE0EFE10031603F30110
02F411E302F601DAF7E8F5CFEAFBECD0
0EE91EFA19E61C0722EB13FC20F716F1
01FCF61512F51B040DF51EFE09F52406
F3F60901F20C0703FB0CF209F0FB090A
D8FB1403F7F70AFD04081B00FEF71500
F2011408E4FC1A01F8061803E3F207F2
1A06100BFD040207070AF30702030805
0BF01202FF010FF206F304F10EEBFCE4
FEEE13FB08E411110BED29110EFC100A
0CF5040812090F0311F61EF605E110EA
F8F818FEEEF805050001020AF9FA04FC
F00011F2E40319E208FD0AFEFE0BFBF9
ED151A10E5F01A17F3FD02F0ED08120B
0F091205EE1807FD0815F9FB0108FCFC
E8072AFDF7F5180105FD0A0018EF0AF4
12EB0AF603F7130303FC230FF6F416FF
00EAFA040AF1080820030F0810E908EC
F3FE020EFFFD0A05F2040107EBEC0601
DE0B15E9E30815F1E4090FFCFC09FCF7
E3FC1402E5F62708D1E814FCE60F11FF
18140907F0090E0D0A13060E080806FF
ED050D0CFAF8181206F5FFFD10FB0006
10F505FB0DF311F709FB08F9EE01100E
07F5FC0B14F90C031F0B02E60C05FEF5
F6FCF2FE05EDFFFFFC040C0900EF0002
EE14F5E0EDFB05E6E4FF08F5FE0CE9FE
DC0C0D16FBFD090802012913EEFBFE05
FC110C18EA0CFC07FD190002E6090801
F6EF0511EDF9F904FF05FC0EFBF60C22
1400E5F4EEFDF7F1EFEDFC01EEEC0502
FE0108FB15FC020E1BFA09EE180306E5
E8060201E6050903E606110FF6F4170B
ED0311F2F20C0DFCE006070AD90AF50E
071324111A0E0D1514EC2C10F4F4090B
ECF5F41CEAF40325E80DEEF80108FFFB
F5F6F90A00F2E810F3F7F60DF3FCF911
FCF9FD05F409F30EFCFF09FCE4E7FCFE
0FFE0A1312EA0D0A07FE070316F5FD0C
D00EF714DF0B0906F5040A17F60107FF
ED0605F3DE1911FFD203FC10D20DED18
11F51504030C1A0717021C0B0A0CF20F
E1FB081BF9F8FD22EAFDF10205FF07FD
F5F6F600F8E9E619F1FEF610EE06E301
FAEAF91AF9F7010DF6FC0301E9F9EC0E
05FE1B1215ECFF1B03F909140FE90B04
D511F308E30A0C13F607080A02FE0416
E814FAF4F0130704E2150102DD15090D
0106FEF90B00240EF3FBFFF5EA1900EE
E0EE0F070CFC0C13F2FA03FF0902FAF6
04F8F10E01F6EC09E7F4EC10D706E6F9
07F8FA10F2FB0C0E00F1F2F905F4F606
0EFCFF1713FC031113ED010C01F70A17
CD14F603DC140D01F10CF91202FD0209
EB13FAFEF9FCF8FBEB09F70AD70F020E
07F508F6E5F80803E805FB0DEC0AFB19
02FC020B00F905220C0806FD0809FF04
FE02F204FE00F7ED03F5E705F6FCF809
1701040408FC04FBF8FDFBF803FA0306
F80110FE0209FF0315FA01FC13F5F6F9
D3EE070AC602F3F8ED1AFE04FD15F807
0F13F102100DEF09EF06F505D210EDFF
0009050007FBF90DFB13E611050CF107
F30C0406FC140708F905FBF50803F70A
0E0510050AFAF41506F9001D16000E10
FD01120A0E010EFC04EC0C00F5F40B04
F314FE0507FCFAF00D100202000AFDF8
D4FEE8EFB208E7F8CB19EEF2E01CF308
101DEC080914F10BFC01E30AD003ED0F
FFFB02F719F30319FFFEE60D0224E00E
060D0B120AF1081309F5F80BFD0803FD
0F040D060608F4140C0EFB19F80C0F2F
0C0E01F60B0106F403F21B09FFF7FF13
ED0BF5071604FF06201203FF0E01F50E
CFFBF0F8B3F5D6FDD106FE07DF09F6F8
140DDDF71F08ED0505FEE804F505F503
FAFC05F710FC13000FEF170B1103FE0E
20F807250210050208FAF8FE05F801F8
F621EC0FE61408FF1001030C29EF0D0A
FD100314F61D100CF10A0F1EE119000E
DB17E10EE41EEFF5F028F8F8FF16F604
DF28EA16D507CF0CCA14E101CE15F306
1CEC0B050FF3E609050BF0F8EA150905
01FF09F6FAF80B03F3ED05F812FDF712
F0FB020A0609FD07F6F7F8030408FE03
E219E7030204E3FE04F5F9F10BF8F002
F42EE306E930000FEC28F919DC22FD0F
F918E62ECE3CCF21F02FDB12FD18DCF8
FB2AEB0CE634ED230C2BDE1BFB27E21E
0C27F3FD0B1FEB0D0518EDE5122DD5F2
FE050902FF020B080AF907061612F6FB
F9FF02FBFE01FBFF05FCF802FC01FFF5
F414E9FEF20FF40C0FFB080214F40908
01FEFD2D100BEE150213E92AEF08EB0F
F915F421D42CE40FFA13E613F810F11B
EF05F70AFA21F60AF119FC1507150A17
F70809030107FB09F90304FB03F6F7FD
00FFFAFEF9FCF80403F904F901FCF609
0907FD07FCFCFAFB07F70605040702FE
F8030403FFF90904F7060AF9020BFF06
080407FE03FCFB01F903FAF7FBFCF905
0BF703FC0F0C0300F8FC0613F4060406
0AFAFD00000207FCFCF605FEFFFE09F8
FA0903080905FB000A05F706F9F7F805
0608FBFDFFFF00000201F8FEF7FAF507
FB04F805F60AF807F90607F80B03F704
0A0C1012090002160503010503FAF604
08F3071AFE1A16260508040BF9150301
16E9000707F208FA1105291B120F2029
F3071721F62425180805190B12050702
130B1811F90C0709EF17180AEB152713
0904FBF609FFFBF60AF5FEFD0902FE06
FF0D02E802F900FC08F50200FE02FF05
0D0F0718080DFC190212FE0D01060FEE
171CEE0D2521F2FB2417ECFA0E25F310
13EBF011230AF81F2AFFEC201D17EDFA
F4EC181801F8FB0BF9F30A1E19F4FA26
04010EFFF40C2704FBFE1EF0F1ED2009
08FE0AFE010A09F8FB010602FF03FF03
05020CFA0DF2F301F9070709F90307F6
FF2E09F00A29F3FEEE190FFCEF030D05
120D02FF0E0B03FF190CEE0F032E09F9
F413F90C000DF40B050DE417F907F1FF
E006F8FEE5F6E1FAF8F9F502FB0BF521
FDE8130E11ED0BF7F60106FBD20F18F0
09F9FD0A17F8F3F50B00040007F70316
F80600F41AF0F00EF5F8FC08FB020B03
1C07E7FF1106F5F20119FCF6F911030D
FF16EC000B0CFE041006E80F1015EE05
081300171406E7141509FD0A140BFBEE
EDFB0CF9F2ECFBF206F7F6FF0B00F91E
EAE1F9F7FCF909F0E3F004EDF2F700E6
0E0608FC0F07F7EF01F4F3F4E5E8F7E3
FC0307F71FF40B0CFD0B00F5FB08070A
0113EDF40D06F5E7FB0DFBF518180A05
0404F901F100FD02F8FEFFEA0004F9F4
FBF905050EF8032412120300FB060001
F7FD0DDFF3F80CD4F3F403DF02F202EE
F7FD02FDFFF2EF05FAEAE90BF901F6DD
0F0FFFFC1210EBEB2311E6F007E5EEF9
E302F4E30F09F8E2FF080308F7F7F6FB
F70604EEEB07F9EDE3FD14F5EF1017E8
04090FFDEEFB01F3F80909EBEA0D03F3
0FFF04F30CFC0818090004FE0BFE020C
F9E80DE806F307D20B07FCD90707FAE6
00EBF312FBEDFFF7EEF4F2F7E7E3F7F0
0711F90205FEE5FA1319E4FFECEFF0FC
E90A0BE001FAF9DBF9120A09F609FC00
D7FC16EFD80D00D5E2F220E9080F05FC
FEF70C06FBF20B0EEFFA1305F1FF0B04
0E0B010009FFFE0C16FA03FAFFF90609
FDFB06F60DF207E40B0410E308040EF0
EDDCF215F8ECFF13EAF4F519EDFAF609
0AFBF803FD06EEF4F50908FBEEE202F7
E70317EFFF001AE0F1090AED02FC150D
E9FA090FDF08F5E6DB0606EAF90E07FC
0003E9F40DF0F4FC02F1F50DF0060803
FBFE03ECFB0E0404F40CE907F706E806
1503FFF911FAFCEA05EB04E600F805F7
E0EAEEEFEE0DEB10E804EA1EEAF5F214
030DF51C121AEE04F700F0FAE7EAF5EC
0A0B1109FF08190AE90519EBFDFF0B06
F607081CE00BEE04E704F7F2E31A0AF1
000BC7F20A03CBF307F9E21101F7F31A
F7ED0EE9D7F604FBE10BEAFCE210E5E5
1A0DF3141FF506F5200307F514F20CF7
EC05EEFED61FE70BEB02EB260A11FB15
F8ECF4F3FBFEF0F0F909E7F9E1EAFFF4
FD1219ED01FD23F5F7FA0AF6F4F316FB
09F7E305F30DDCF5F206F2ECF016FC00
F8FFDC03FB0ACC060CF2BE1513FFDA0B
F2E505F0F6F11BF0D7E90AF4E103F7F2
1E08FC052109EF0C230D07F919FD07EE
CB1CE7F9C012F0FEE611F00B0A15F213
03040A02FCFFE8FBE5ECE7F8CC00F00F
FE1D00F8EAED04E9FAFD1B09FEF813F4
05FECF0B090FD6F7090BD502FC11F7FC
FBFC15F9010BFCFA0810D205FA08CF0B
130D08E3F60F05F2E70724F6F7F91AF4
2C17F5092418F700171AFDEA0E13F9EF
C80EF513D01A0008F810F4FA2508F9EF
F80A11FDF023ED04E902D004CA15E00D
000F0CF9F5F50CFAFFF60EF704070003
F1F8E30F08FCEE06031DF7EF0103E6FC
F7EF2905FCFF08050AFBEB070B00EB15
0C1CE5F1171AFEF0000E13EEEBFF2000
2505FF0814FF05FE2417EBF10810F7FC
C90D03F9D70300020000FF1218F1FE0A
FFF816EAFA03EEE4DCFBE3E4E212FC0D
0C0500FDDDE019EEF8FA23010DEFFB0F
FDEAF00FFFF1030E1410EBF902F9E1EC
02F219F7FCF22701F4F20D0405ECFB0B
051BE9040912EFFA070CF1F505040B06
12EEFC120CFD060C110AF9EC101003FE
DB02F705E9F7081BEAF90C0DFCFC0508
FB04F0F1FC02E4E6EE12ECDDD911E9F2
12090A00F4F801FEFCFFFDF5F4FA06FA
06F40711F8EFF713FBF4F40715EDEDFD
EF070AF6EFF814F4E8ED120CF2EBFE0A
0E10EE07FC0C000E0E17FDFC000BFF04
FE0013FC02FCFD07FC0000FB141BFF00
D7FAFCF9E8011116DF031307EDFDFE07
18F9F6F81800D8E4FF0AE90807F4E3F5
0D0A02F4F8011408FE0807EAFEF30003
F8EDFA1904F9F4F6FDEBF6F818F7FEF1
0C061012F5F713FAF5F00A06FFFEF314
FC16040AF60DF02F000FF61107F61A07
E50B08F4F5FA06F8F7040BF91611030A
E8FCFA0AF0041801D90414F4E506FFF5
0E11F0F00006CFFAF415EF19F6F5F9F2
040FF006FF060D0F07130301FAFE01F6
F6FAEF070606F507FC02FAEC0A0CFDEF
1C010CF6180311EF05F703FB0807F707
F7FC0310EFF5FB3206FF000C05F218FA
DFF902E5EC040CF9000709F1FBF8FE0C
070B0305F8020DF6E7020BE8F00908E4
1106F1FA0A06C4ECFD10D425F814FC02
030CFF02FA1209F2080605F2FDF5FCFA
FF13FD03F212EC04FBF8E6E900FCEFFA
0DF80DED19E5FBE9F3EC02F10409FD07
F0F3F722FBF0F7250803031A14F10CFF
D9020BEAE504F7E5EC030D0AEEF8FE1D
00F60F11F6ED07050201030AEC04F9F3
1BF2FAF2FCF502F11603DF050308FE10
FD0B04FCF81810ED0406190BFF0901F6
EF1BEDF0FF19F6FBFD0EEA000108F7F5
0AEB04E40FE6FDDDFDEEFAE8FFF0F3FE
F6F11120EEF2091CFBEE082404F20A0A
F6FFF3F1F1FB0700EF100A01F5F71306
FD07060415F91706070305F9000EFDF9
09F0F1E9F7FE02DC23ECD1140FF8F019
04F5200AF0F90BEAFE091AF9FBF8FE02
F60DF1ED0614F800FC1BF4E90919F4E7
FBF8050819F4F1F3FCF1F1E6F4FFF5EA
02F90010FEEF1416FAED0C16F8E9091B
00FE01FF01FD03FEFFFDFD1301FBF813
1AFCF1080FF8F0080F01020B0202F302
0FF3F9FF14F4ECE716F1D9F80FF0EF18
FCF81FEFF5F1FEF10F031601FB0906F6
000EF5FB0B06FAF40316FCDC0812FBDD
FFFEFC17020BEC07020803FBF908F1E2
09070A171001101D06F0061807F50132
10F8F7FCF7040910F8F50918FCF2FD0D
1400E7091A01F4051309F812FF08FC04
FF00F7FA1304F0E70C05DEF30F07F4FD
0E051CE303FB050B02FCFE03FE0603FB
020F01F107F9F8FD04FF02F60A06F0EE
020CF20CFD01F1F90107F600FEFAF60D
0211010F05010515020A001402FBFA18
0C0C01F500010D1CF80A00180100FE04
10FFF2F40F02F40614FAF6080105FF0A
08FFFDFAF7F3FD130208D7F91DF0F3E5
031E09EE160104F6FAFBFBF803FDFEFA
07F604E114FA0DEB11F808FA0D081904
0801F8FEFDF103E302EB04EA04F502F1
07FC0B03F808FA0D08FD00080505F9F5
F80901FB03060A11FF07FE0AF9F5080E
0201F4F60F06F7000803F2010A09F9FB
FF050C08F4F00A11FE08F4FDFFF3F0F0
04130FFB0E0A11F90AFCFC0506020504
F6F901B6FBE705D3F3020DEAF40D03FA
FAF50DCFFFF412D609F001E102EF01E7
FAFFF90206F2060005F2FA030DED03F4
0206F20A0116020902F90316FFFE0D04
0610E7EF090DDC010D08EBFBFE03E90E
000AF8FEFAFD161406FC0AF01111F6D7
E50E0FF3F9F50D04F80B07FAFF0A0200
EEF3FFE7E8F507FCFF04FCF5EA1508EE
F7F5F5F600F7FEE1F5EB0DDEDFE8FADE
FE0404F6EEF31608F0F80DFA00E9F8F4
0A03010109040613F80409FEFD0B0EFD
09FCFEF807F6FB0BF6F9E2FBF40EE6EF
0403FCF90EFB0F030CFF0702F8FAF4E5
DCE901FD09090D0506F8050BFA00FBFC
EC1FF9E6E5260001EC2B1201E30F0E10
EE0612F1F21F0AE9EC07FBE5EF060EEF
EB10E807001B0AFAFA221FF6F20D15F2
FF18FDFA091205FC0A07F6FEF00CF8FC
E6E106FBEDF5EE070DFFDBF11D1BECF7
0605FDF813F904FB1006FAEDF5FBFDEB
0F0DFC0702F8FC0AFCF5FBFF00FF0BFF
FF06DC0EFA19DF0B0712F509190AE806
041F06030D3306DFFF19F7E2020AEAFB
F007EFEE073AEEE10627F3E1FE17F705
0A0409E5111D06F702310EF9FF1FF9E2
0B10FFF8071FEFEB1319F5F22211F5E1
F60509FCF6FEF702FEF6F7F8120F0908
0007F9FE05FEF70500010204F807FFFA
FAFFFDE1FE0DFDF7FDE60BF8FEEA00F4
1006E7FD05F9EAEC05F3F0F6FD0BF1FC
1B14ED091218D8E401FDE7EBFF18F50B
0C01F90705F801F1FAFFF4DB0612F8F8
F515F5FD1014FEF60C17FD061CFD06FE
F807FBFB0805080407080AF503FA0402
F9F7F6FFFBFB0905F707070404FAFF02
02FC09080600000507070AF7FFF8FD00
0AFD0AF703F6FA08F5FE0405FB090003
F908050801F3010F09FA05FC09F002F9
060205090A09F60903FE060A03F7FA05
FE04060403FA0AFFF9FC09F7F8F702FA
FD0004F5070A02FCF8FC0B0508F8FF09
05F7FEFFF7FFFA05F70404F90705F90A
11EB03FE01F700F9FC04FFFAF8FC0002
12EEFAFB20F0FB0802F109040102F9F6
F0D306F7EA0601FB09F700F515E4F705
22F0FAFC2DF4F40125E5F80E11D10108
15F804090FF9F50713FEFAFE1EFAF8FC
FDF70100FE09FCFDFBF6030A0803F6F6
00F7FBFD01FE07F8F8F6010305090600
13F0F2FA09E7FEFC16F7050007F20709
1AD6E72525F0F92024F5F82723F0F510
09EE01FA07F3F20303F8F40C16D8E713
10FA110015010EF41D0F12F40513FB07
24E9FFFE32F3F0091706F7080FF31503
FD05F80B05F9F503F408FD1719F4030D
F3F3FB0AF9FDF7FFFEFF0908FDFF0007
14F908FF17F50AF31EF6FF03FADFF9F1
17F70E1505EAFE220FE1071309E6F909
0701FEFA1603F4FA07D3FFFCFBE00E12
0D1D0001FB021813050D10070D040806
0409F1030C06FD07150FFF13001DF203
060408FE0FFC0011021003FF11F9030B
EDE4101AEC0EFC15F8F8FA010AF6FF07
F90F08F9070409EF0E0505FDFDF111F3
0B0F0615FF0FFE09120D06FD0812FAE8
F1EC0AFAF9F70610E6F616050A0E0012
F91D0418F2F9FDFDF80001FAF8F8FE02
06FD0BF80208140EFC1402F70519FF05
F8FF01FBFDF10B0FF3EB2009080719F8
031306EDF9070316050701FC0508FA06
0A170904061820FFFF101805140110F9
F3F8FC000C1505030F0A06F7141B0FEE
01D7FC0AF5E7030DE2E5160DF5030511
F61DFC03F80DFA0603EDF4FD04D300FF
04210EF8FE190D04FF2801FAFE24110B
F4EFEF02E6F2F9FCFD052A0E11FA1701
FE081014F7000108F8120411FAFBF9FA
061301FF1016020A0E16021D04F50F0D
EBFC160EF009111406FF0711150E1300
F1CF0412ECF41409DD091BFAF10C0309
DD270608E10E07FDF0EF07FDF6C80F0B
F107FE08F30D0805EC260603DE2413FC
0C03030606FAF6FDFEF215FDFAEEFDF2
FE0DF115FDF50C120600F6110B020B04
0C140700171406181622F60E0D17F510
F4F80B0EF0F4011613FE0A150E0701FD
F0C30814F7F2170CEB101314F7090C09
E536FC0AEF13F5FFFAE302FBF5B00C0C
E9FEE304E40CF502E727F504E734FA01
0CFF12FA15D707FF18DD050003EF0100
FD12FC0F070BF71501E902011507FEF8
0905FE0707FE09050C10FEF8150BEBFB
FA0B012CFFFAF01F0A0AF81905F40A0D
F3BBF901F3E4060DFD0D0416F724FD0E
ED27FA0BE32DFC04FBF9FE0800CCF6F7
00F6F800F4F7F614FC13FD0BED21EE0C
F8EF14FEF6DCFD1305F1F4FEF3E7F7F4
F805F4F70009E80E0F160BF9090304FC
03F7050BE9F200F905FBFAFC0205FB06
F30CFB03FD0BFE080B0602110AF4F80B
FFB5FBEBFDD6EF03FBF7FD02FA07050F
F932F411EE43F408F018ED0A07C9F7FE
F6EFEA15EAF0F713F606FC05F217F404
10EE161102000218F7F80D06EEE705EA
020612061813EDFC070CFEFB0B03F70A
F1F908EBF2F009EA08FE05E9ECE90805
EF0D08ECE2FEECEE01FDFFE8FC0C06FF
FCC0FCDFFCCF0BD7F6F4FECCEA0DF9E0
FE340413F746FA100D32FD12F7D5F9F7
E6E3FE0AFCF2F11BF6F80109FB0C0A11
0400011901F81F1AF1E4290903DB10FE
F6F808EC0709F2051D10F4F6FB03FB08
ECFC0AD3F5F3FBCEE5F708CAE2EAFEE1
E8FBEAC8F20AEEC7F3F8FAD0F3090ADD
FACF01FC06E00BEBF9F5FDD0F803F2B3
071AF1F6F624FA00002708130AF30402
F2CC0A06F6E8190806EA0D0AFEF01207
F1F92107D1F4111CD8DA1A17DED50B22
06F8F3ECFEFD00FD0409F6FA050C0202
F80C11C1EB09FEC5D6FA00BBEAE200D0
0B10FDD1EEFBFCC7EBF3F5BCFBF504C5
EDEA0B18F2D818140A071302051AF5E7
0500E000011FFDF7021BFC0801030011
E3EE1FF80DF90FFB06F2F80BF3EBF2F9
FC0D1FF7F0172006F6F10F16F007F703
0AF8E9EE1505F604050DEFF3F8F70CEA
F6F414D7FC0504C8F5FA05C5F1E2FDC1
040906F004F507DB02F5FCE5FEFC05DD
ECEFF414ECE8081101040E23140C08FE
0AEAE5EF0914EDFAED1BF4F2FEF80704
1AF112F80D0108FE02FE0D01F6FA02F6
10FFF111FE04F707FB0B040214FF1F06
FBF7FBF207100D03F80A1103FDFFFC09
F4EE0CF9E7F0FCEDF3FFF0E1EF0203F0
1A15131E060308001406140008FD0501
FC02FF0CF9F50D2B07F1152F0F11091E
07F8DDFD1303F3FBF818FAF70B00F205
16EA1B0612F30DFCF8EE08FA0AEEFEF6
1900FF0202FEF20812F9D2FE06EF07EF
0206FFFE0025050206F1020006FDF7F5
FEF9E50DEBFAEE11E904F008DB0DF10F
10031E1B0FFE290E0C01210B06F1010A
FEFEFC01020B031906FB112113F21B24
19F9F6F30CFCEFF8070800F6000107FF
0A0609F71F0706F71302170714F4FFEE
0C00F215080D06FB21E7CDEB12EDF80C
F801FD21051400100006021BFF0E0A05
05F7E00DEDF5D016E0F9CB19D4FFDB17
0DF61E1A10F615101D08131F200CF10B
1D0AFDFC06FAFD06FD020C1012FC090F
220EF6F32107FF052502F80911020403
05F509FF12F4060A1A1D06F6170405FC
02F3F0111D00EE022EF4D40F04EC0810
EF02ED1C091C1716F80012050A0BFFFD
FE19BA0FFEFEBC1AEEF3C217EF25CA18
FB00F2101AF8EE14190BCC151CFCBD12
16090A0A10FFFC09FCF20000F702EB03
1410EDF71E19F8F4221AEF06110BED01
FB0502F8FDF7F5F70C0EF8F30F0F04E9
09E9F700FD0C1303350710F70804F00A
EB15F01403211230FD07080C12F11BF7
0E02B403EDFCB710F0F5C219F30FD009
F5F0C50CEDF9A6130910941303129702
1506EB01FF00FC0103F1E5F6F6F2CCF8
1108ED030D19FFFF1D01F3091108F802
0504060403FEFE050106F8FAFB0901EE
08FB120601F8101603FB0106F4F7ED09
051002FA0B03270DEE0203FCF7060DF5
F205BC0AF502CC16EDFEDC0E00F7EB04
03E6BDEC0000A5020319AC17FD16BD08
1309FEFE0502FA00F7F1EBEDF2E4D4E5
F705FAF404F7FFF308F7FAFD070FF9F8
EF0C0918EEFAFF10F402F300EEFD06FB
F50012031101F800F2F61407F4F80414
141B0D1311191D0EF31FFCFBFAF809F8
FC0EEA0EEBFDF504F9F3090AFC05F413
09E9EDF00402DAFFF706F507FB07F904
0EF6FAF00DFB0BFBFCF9030004F6F7FD
E90E0403F00003E8F4F0F7DFF70102F6
E8000112FB0501F6F314F806E9020BFE
FAF503FA0602F8FAF1F30F09EBF210FC
06150712021F050B0B0BFCFDF9F50DF8
F4032714F10E20FAFDFF1DF809FB1E08
04FE21F9FBFE1AFA090825F900171B08
FBFE03F404EBFE0818F2FE0606FA0F05
E4050303E4FE0BF903F0EFEC05F902EF
F30DF40BFA06EC0FF50BF702EC0FFCFC
04FA08FD090B0BF6E2F106FCE8F2F5FC
F6F4F60B0D08F810F6FC0B0209F8FBFF
02131907F62213F3F7191D11F2081314
11FE23FB0EFA220403FB26FFFB001D0A
FA0805FAF5FB02F6090707F50C061CF3
E800FD06D6F0F9FAEDEB0300FFF8F006
EF02E710E3F1F106E810ED0DEC0F0B03
F6FB0007EC15F0F8E50001F7E7F8EBFC
E4E80E0AF306F7160106050A08070B08
071210FF021513FEEF081A0BDF012925
070C18EDFCFE1AF201120CFFF90816FB
FA00FF0AEDF3FCFEF00CFB00FDFEFEF9
D7EBFAFEDCEA01F9DBE1F8FCFBFAF30C
EFE0E410EBD9EA15ECFAF304E6020802
03040801F91900EDEB1DEDE8ECEAE606
03E60D0E070002230B09FC09F9FAFBFB
FC0114F6F10C16F9FAF021FDFADD0D0B
D90503FCE20415FDF40C05F0EFF813F6
0503F7FB00FFF4F6E3FCF3F4E50EFCE6
D6EA01E2DDFE01F202EFFA0118F6F6F9
E4D401E7ECD7E606EEF605FCE7F906FA
0104FF0AFD0509FE141AF7FDFBDCE60F
0A0CFEFFF8F3FFF403FC03F5F5070809
FFF7FD0DEBFD09F6FE081803FD04070E
F813FF05ECFC0810F2F60113FB061208
0C0403FD0EF807F5F70507ECF30E03FC
E0E903F3DFF6F5E2FE11F3ED171106F2
EBEAF804E4E502F3EDECFE0ADDE415FC
05060909120B06F7080005FCE8E5F308
FAFDF7F2FF0B0B0408FBF6FE07F60605
F2F60B1AEE051FF2E4FB0EED0512F9FC
FCF31F170CF2232908CC1022F0E4061E
01E919FDF8DE2C0DF4DF1B05FCFA15F0
E9E91AF2F1FB1501F7F321FAF9EC2D01
EE0C1F02F5F70BFFED0321E9EAF128FA
F70B0A02F502010A0800080BF8050206
F602FC09F8F7FF020BF702F8F708F9F9
FAFAE40BF7FBF8060C04EF07FD040012
EFF1201703EA0A1D01E50B0CF6F9E41F
F5FF0CFCE3ED2405FF1F12FDEB0013FA
FAF311020A1406F8FB0F020AFF060910
050C07FA04150206010507F6FB0705F5
0A0BF70A07020008F80A00FEF807FA04
F804FB08010700FBF5FCF9FEFDFC04FA
FFFD0300FB0800F7F6020701040A01FC
F80508FE050A0AFEFE03FAFDFBF80209
0B010AF902F6EE0C0708F5F7FB02FAF8
F907F60505030709FEFEFAF608F502FE
01F8FF0507F5090BFDFE0909F5030505
F9FEF5F5FDF9FAF8FD0303F70A020808
090B07FCF900FF0AFC090600F9070900
0717F4F1090EEAF0FDFFFB02FA01F901
00F6FA00130FE7ED0FFCF7F1F708F8F4
08FBFBF407EA13F5F419FCE10515EBDB
0913F4E1F81DECE70514FAF80006F8F5
FF09EDF00811FEE9F10BF4EE0227ECE2
F6F60404FC010A0601FBFDFE070703F9
05F90E060102F7F7FF07F7F801060B00
050BF5EDF60DE3E9FC03FAF0FAF7FDF2
F90EE8FC0A12E714F605E10CFB1DE7F0
EFF8DBF4EE04F5F5E6F9FCF8F601F003
FBEFDAF0E506E7EFEB0EEFF6E6FFF2F2
F210EAE9FD24E4D6FC1AEAE8F60BEF00
FB0904FDFCFAFE0808010F030402F406
11F60AF60FF804FD0400F8040700FDFE
0416F9F6032BEAE9F22302F6FC070012
FB15F8FEEF1EEDF5E112E7F4E22501FA
0220E4F0F80DECF1FE12F9E4F70EECED
070DDEF20B13D5E1FEF8EEF4F101F5F5
EC12DCE8040CD0FFF404DB0C0E06F30C
FCFAFBF5F7FAFEFC00F203FDFB04FDF7
12FF09F318E80AEDFCFCFDF7FE060306
F713F6E1F605FADF0712F7F40D130CEF
FF16FA02F72701FFE71BFC00F410F1E9
F812FCEB0714F8E6F5FE09F5FB1509F7
0207E605FF02FFF9EBFDF3EA0600F9F2
01FCF40A010B04F4F903F3F8FFFFF1F4
F90C07F3F11B18F3F0090B00F0FE180D
210315081BFB06D405F7FAF908FCF604
0912F1E617F3F0E319EEF8FE141C0CF4
FF0D10EF09F806EF0208F0ECFDF8E2F8
F4F4040BF200FFEEFB070DF5F70812F8
ED0905F0FAF104FFF109F60DF703FD00
0903EE0F0BFBF10CF405EFE6EF16FAF9
FD080208DF171500E4110B0C020DFB08
1404FD1202F9F6F8020F0101F706FB03
140DF4F50507ECFF0B01E71F0909FA0E
04030CEE06FC08DB0212F8FA0B0A0709
F70410F403F808FA04051AF0FCF318F0
F8F5FDF1F8ED0DFCFF000EF5EDF70D02
F60E09F80AF507FAF202FEE901FE0CE8
0013FBFC0211FF0AE41AF706EF0AF707
12010212FEF9F9FF010B06FC0800FC07
FD0CFEFAF601EF03F5FEF911FB2107F9
0B0206EF10FC05FD0602F701F904FDFF
FE0316E6FFF8FEE3040513E8120109E4
11F60BF500F705F4FCF113F4FFF405F0
FBFB16FBEFEFFBFFF5F0F3000400FF03
0116F7FA1211F8F9FD0C0309E7101007
2004060A0DFC0007FAEBEC17F5FE0B1A
FD07F2F9FFFBF7050007FA070116F8F0
F6FE0BFE02FC0B020FF3FBFB1103FC04
03F9FEF2F1FE0EE6F20506F3FB0304EE
10F607F8150618F50AF716EF06FC11F6
F502F204F50F04FB050802F5FD0DF505
EB0A07F3ED0801FE050A121308FC0513
1D1105FD120CFC1601E4F60E00FAFFFE
07EFF80301F203FC05FEFC03080BF5EC
0203F8060AF7FCF415F8F1041A04EFFC
0BF70D01F2000105EA01F706E606F502
04F900F90AFF11F619030FF901FC0AF0
FD0801010C0800F1020C1004131813FE
14EFF008EBFEFB08F6FFFAFC0BF9FF00
070E100D04F3F52318EAF9F908F10208
F2FF0607EEFC01FA0100FCFE1F000BE3
0000F705FD0AEFF9FE05F6E90902FBFF
FE040B0EED0919FEE317FC14E6040513
11FCF50F160109FF13FF00FB110C0A08
09110F0014FD16F206F3F8020510F9FF
09EEFC0600FEF7001FF9EF1E0E08070F
F00B0FFAF4E6EF06FAFAF217F6F604FF
EEF4F6F501F8F5F101FAF9E41A0E0AEC
F0FDFCFE04FBF2F1010B02ECFAFE04F3
0B090A0DF60E1300F5070E0BEA020B10
12F1FC1C07F9FA0911FD14F60FFB03FF
03EDFCF322F5080117F30AFC05F40EFC
11F6F8FA092626EF131521F9FC1414F7
F30718F601F2FB0406F2ED0A01F4F808
F90000F9FAF905F4F60614E4FB0116DF
F503F81D010BF804F800F6F9FDF2FDFE
160F0708FF161211000F1D14E1060C24
F4FF1B160BF4060D130911EC0D0403FB
00F302DAFCF8030AFEF10CF3FEF90207
01F5F80D0AF904FD06FDFB08E103F2F4
05F60D00ECECDE1A01EEF21104EF07F9
F7FE1306070E07FBEE0506E801F317E7
F2FDFD23FE00081A0CFEFB08F40107FB
1F110902120C08FFFB200D18F60A0819
F805070309FE0C1406030103170A0208
DA03F209F1FB04FEF3FA0BF009EBFF03
F8FBF610F706FAFDFBFF0400E701E715
F3F8110005EBEEF60F11FB01F1FEEF00
FCF80104F8FC0A0EFDF409F8FDE71500
000CFD1CFB03070A13FC120903F51110
230CFA05191704F61212180E0B13011D
09F30C020EFC040B110E00070F08F904
D5ECEE29EAFAF7FEF3010AF2FDF90EF4
FAF4E80AEEE3E418E901FF10DEFAF714
FCE80413091403F70505FC00F7F1F70B
DB06FB0EE705070D04040F0700ED1B07
13FE041212FA00140EF90906DE0312EF
0C0C021523160AF51312FC081A16FC18
060F0E010E01FB1C0BF408181D0E070F
E615F8100003021DF0F5FDF203FC17F8
F4F5F01C04E2082BEE2104F9F402011E
F510010E0A040002051707ED04FF06FD
D3FB000DD5FE0DFD00FF060F1609070E
FF120D14F60C0CFEE10A0B08DDF900FF
09FEF91D1B0BFD101F1BF412150AFD0B
F205FB1D02FC041E01F304251606FC1D
F90DF713F718F21DF607EB23F4090616
FDF6EE05F4E8EE28F420DFFCEC17F208
FB0F03150703080E180D08FB0701FCF7
CA160B00E102F513F5FBFC0F0D08041E
FBF80001D7EFFD08BDFFF6FEC40EF607
0BF8F4160701F50E0519EB04030DF902
F4090D0BEC01FF29F70A012007F3071C
1419FBFBFF0FFF14FD070411EFFD0910
F8F70A270DE0F60518E8D30704F3F5FE
EC16040A0D100E0405021100FCEBEA03
CF07F501E30CFD07FB0BFD14F009F218
EC090C00CB02F8F6CCF9FBF6CBFD00FA
FEFBF41800F5F30A0517EB09E118FBFF
E0FF030ADF020414EF01F51EF605F61E
E901F1FCF203FE09EE02F815E30911FA
0EF2EF081FE1D7FA10F0D9F5FBECE50F
0907081508FBF203EFE5FF13F80009FD
DEF9F9F9010B0A070809020F010FEE19
E00AFEFECC09F9ECD5FBFBF8D1F7FF05
0303F416F603F913E6F9F0FBE70FFCE9
E2FA0EFBDA070C04EF0EF800FAFEF213
D211F301ED0CF209F1FA100FEBF50AF1
0EF9EC01FB01EA1903EADEF5DFEEEA02
0606FD140BF0F80EFFF90A14F700FC04
F404F8001103F4EC0FF8FFEE160CF901
E30CF9FCDF05F002E300E9FAF1F9EF0A
FE0AF7FB0114EFFBF912F1FBE807F2F1
E60206F0FAF90AEDFD050EF401FFF9EC
F20CFCECF0F8FA04F514FDFBEA0C12E7
09FA06F6FD00F404F4EDDAF6E3E3FFF8
12F3F9FF11F8EE080AFA05F2FBFB06F5
120A03F4280608F132E806FA2CF902F7
F810E6E8FFFDDFFE0805EE010301F200
0605FEE4F30FEDE3F015F3EAFD05DFEA
D40509DFEA07F8E2ED080AEA0603FEEA
EBFFECEEF907F8F10206FFF4E60E0DE7
FE03F6F8FCEBF70B17F0EEF8F5D2DCF0
0C15F9F00FFBF2000101FA06FA02F5FE
1AF9F60D1DFAFEF821F407E525EC01E1
F70AEDFB05F7F70415FAE80013EFEA07
011703EFEB0DFDF4F71803E7F7010104
E30A0BE9DC0B07E9F91700EEFA0F08F0
EBFD0AE3EE0C17F2FDFEFEE8E7040FEA
05F903F6100403FB06ED0EE90BD9E9FC
00250BF40B150803F70406070B060AFD
18F9080515E9F70011F9FDFA0D130CF1
07FA04FC18FCFE0E06F507FB04F90C08
FA01FBF6ED030204FFFE0EF206FD01F1
E119F8E5D81413D7DD0F05F1F30108F8
FEFC0AEDF30018E9F9040FE3FA0E04D4
F8FE03F910EBF20001F7FA05F8EFFFF1
121419EA1102F10401F806F5F7FB0A09
1B0B09F419070A0425FA09FD1F061204
03100BF604040CFC0BFE03FE120114FB
E31513EFEB11020DF70B03FCF70B0DF1
D6F3FFFAD204F7FCDD08EE02DC2503EC
0DF90DFBFDFF110C01FC01F2FFF80BFE
09F70AF6FDEDFBFF08F3F20F1101EB07
14E3DF180F1711F3040800FBF707FEFC
160A07EE0E140610440A0E1B25EAFB20
070C0AFD011417D80D0411D9190908E6
E316FFEFEB1807F2FF1807FC0F160BEA
EC0E08DBE30E0AFAF409FFECF60703F7
1101FB1EF1F6FA1CE8000505EB0106E5
0AF9F90908F9FD0F09F0FFFCF816EE11
100408FA06FFFFFC010B0809F8040500
19FCFFEA2B0820E81D0D14F01EFF18EB
0E110FED17FB0CEE0EF10EF712F812E7
21F007F021F90CD3F9FAFFEE040513FE
15F5F7F5000602D50D0916D424F7FBEE
010400E90EFCF301FFF206E613F513EB
FDFD03F7F7F703FF0000FF09FBFB0BEC
FC0AF60907FA03080904F7FA06F50BFD
12F810F000EE11ECEAE7E219EFEFF605
18E508ED11E2EC0D0EE9FAF40CE306FF
1BF519E823EF0DE50AF0ED070AFB00EA
FBFD0AF904F208F802E7FB0809F20EFD
00F5F60CFDF7F7FD06F1FAF509E8F5EF
FE09FB0303FFF9FC0705FBF6030AFFFF
01F70AF90108F9FDF501FB03FCFBFA02
03FCF7000505F809040BF60A0BFEFC05
02F9F803FBFD080402F805FB01FF0607
080C0308F709FFF703FE04FBFB040EFD
09FCFF000109FB0A06000AFA02FEFC04
FAFB08FBFBF50704F906050001FDF6F6
0AFCF7FD08080AF809F9FF0607FC030B
0007F9FBFD06FC03F5060602070AFEFC
0704F3FD07FDECF8FB0708030BF8F7FF
FF09FDECFF2003EEF70F00F301FB00F1
111318EC03071E04050F0DF1071416E9
170410E91C110FE9011CFEFCF517FFF5
F70FFFF205000BF3FD0609F712040AF2
07FAF5F90905F6F7FFF6F500090204F7
0B04020303FB04090307F70900080609
FD0F0AF0EE1CFEF2F908F5F9011307F6
F814F8EBEB1909EAEC2302E8E61E03EF
101DF8F7FE16FFE51E2BF4E60811EAEF
210F14F32218FE011724050A2C1D03F0
090F01F21A0F23F6121211F9111907F2
0108040A0000FD01FA01FEF0F610F5F6
1B08F3F61B100F0202F8F7F8F6FCFC09
0DFC0AEE07ED05F3F6E9FE060C0EEAFC
F6110EE0050806D0FF01EEE1FD0002E2
F40717E6EA0206F3F508FFD2EF18F8DF
0306F21F1013F01F1D0602070C00FBF1
12FA0C0E0D0DF61305F0F42106F0FE1C
0AFF05FB080C05FDF809EFF2050103FA
1D02000A150612F800F6060AF8FD05F9
0E03F105FFFEF5FB0C0701FC160219F2
0605FAE41F0C16D516F909CF18F903E3
0EFF00E7FCFDF3E5FDFFFBE9FF0FE9E4
070D200E0A0E230A170D1A021AFF0FF4
00F3001EF7F9062006EF05340503181B
04150E00FC00E8F503F2EAFF08EBEB25
FF1001FD1D1A0BEE0B000301FBF8FA08
15F6E8FC13E6E9F11803FEFCFA181BDF
00FFE600070B05E701E8F6F809FAEF09
1D05FCEA0206E203F0FCE00AFBFFE20C
1C0222ED0C0317F61102110F17FA07F5
180021060A071310190E0809190F11F4
00020404F6FF0DF7FBECFDFD16FC0302
FE06170CFAF0EA1BF9F9FAFCF5FA0AFC
14DF00F21CE20EF919011C02FA092903
FE07DE0F0706EEFD0301F70EFAF50409
00FDF5FA11F4D70301FDDE0715FAE404
05FFFE06FEF60AFBFD0507FF0AF40EFC
180803F7F40E1003071710FB12FDF206
FD0D050906FD00030E00F1FC010C0802
02131303F102EF1B13080F060605F5FE
FAEC02030FDE06FCF4E315F1F60A27F5
FF01EE0F0607E60BEB03EC16EAFEFBF8
F2FBFAF705F9DFF802F9D80007FCDF0C
07E104F8F3EC03050D041710F5050A03
01F20003111003FAFB01FCF809F4F6F6
070907F305FEF0FE05F3F605FDFAF6FE
020019040604031A02FEED0EF9F715FB
F409EA06FBF7FC04DEF003F5F004190C
FD0FF006020DE00DED1BED0FEB0DE60C
040204FAFF09E8FE0AEFDFF30D04DD0E
0FF7F0EFFCF40602FA00210CF6101E0E
F10000010EF601FA0DEEF7F4FEF4FAF2
1203F2FA0F06EDF6FAEACCF8E4F7D5F9
1DFAF905F00DFE06100FEA0F0902FA08
F311F70EF800E0FCE1F807FEFA09050F
030AE90C0B0DE803F419EE05F70DF116
0C03090E06EBE3040CF2E1FA0B05F309
EAEFFE00F00100FCFFFD190EFA1A3208
E9F4F4EEF3FEF600F7EAF1FAEBF7F0FC
09FBEA070BF2EAFDF9FBCA0EE8E1E3F5
0CFE1702F60713111918FF03F809000C
ED130002F812E5F4F10E07F1F90E0EFF
05FC01F116F8F2FB0106F309FA03F8FD
FEFE150D11E7F1FC14E8E8FEFBFA00F9
F0DFF9F7E4F8FAFCF007130B010D1B09
D705E6F1EAE8EFF7E8FEF803F503E8FE
0B00F205F9F1F5F3F2F1D71CE5EBE803
18F400170D00FC280F0819090A07020F
F9F105FBF0F90104F805F8FEFF100209
F3E40302FFEBFC03EFFE0216EFFF0210
00F8080B0EE4F60A06EADFEFF1D2F308
ECE5F0FCFBF3FDF6F9FC170201FC1E12
DFECDFF6E8EFED0AE200E306E8F6E3F9
0D02FDFEFEF3E7F2F8FDD508E2FEEAFD
1003050B01F4EC1806F4F70BFE030402
FBD307FBEEEB01F4E2E90308FBEF030C
F0DEF70AEFE80E0EE9F30AFEEFF30C12
04FDFB1F1CEDEC0205DF0505F0DFF102
DEE5E6F3EBF2FBFDF2020FFD02F30809
CBF9F2F1DEEDEA03EDF9F402F0E2E30E
0306FDFEF408EEF9E9E5D4FFE6EEFFE2
05FF050EFB05ED210A02081D01F803F8
FFCC1B10F9E11AFDE5EFF2FBF6EFFC0D
E2F2F504E2E40707E9E8100BFCEB17FE
12E8FB161CF5F106FD04E010F9F3DCFB
DAEEF6ECF1F611FEF5EF0803FCEBFA02
DC0605E1D2FBFFE9F4ED000CFAE7FA0D
0405FCF0F717F3E3E9F9F0FADCF8F1E2
0210FD18FEFEF61BFF01080706FB07F7
F7E8170B05E312F6DDF60807EAE6FFFD
E508FDFFE003FDF5DAFA1002E8062003
F3FAF4FD1AFFEEF614F502F6F6F4FCF6
F3DB11FEF3F0F9FDF9EA0709F7ECFFF5
E7FCFBE9E4FF1DFEFAF617FBF9F0000A
EE0C02E7EF06F2D9F3F907EF00FC09E4
0FFCFD060101150EFCFB09050503FCF7
F8EE1FFF06ECFD00EFF7FC01F2E203F9
01F8FD03E7FBFE14F90B0205F81016FF
FCFEF7141DFE02F80D1209F2F803FC06
F3EA09070EE80C0303E40D11FCF604F4
DC080DFDF6FE1506F7F0150609E41209
F41512EEEE0B01F400F102D8F80804F3
0EEF0CF3180B1EFB00011307000B0404
0FF60D030CEBF2FFF9FD110C01EC1205
FC0902190C07F00B0C13F508FEFE101B
EF0000130E06F8070E0D000AF916FB0E
12E4120217E70C0F07E90711FDEF0903
E70B06EDF4FB0FFD06FB2007FFE91005
F818FFEDFD02FBE3F10FF2D8051302E2
2CE4FEF8FFFE140E0AFA0E07FD0BFC00
0A03180EFDFAF20D09F90D020AE40DFD
F500F70CF40CFF1B0CFE070B0611130B
F400F501FD0704041210010203130302
19F004040BEF091005F8F81A01F60C01
F0FDFFF3F710FAED0A0A05ED04F404EF
E81B11E708F5E8F0CB2AE5E1F8F1E8EA
23F412000CF2170209F10BFDFE0AF60D
050C100207F109F90AF7FE070AE6ECF4
E308FCFBE5F60F04FB0E2003061207F2
FEFA0CFD03FD0A070D100305F90101FF
1EFEFEF40F0A02F70A0DF50B07FF0003
FD05E6E8F514F3E71A15FAEA1E06E6FA
0C1511E4F600F307E843F4E9F601DFE7
1FE712FDED14E10909F90808FEF80006
0A020BF30BFE0DF204F0FDF71AE9E5EE
F60806DCF10118DC060E15D4FF0808DF
0405170008040D10FF061304EE05FAE0
1303F5E80C1AF9F31224FB020C1D02F4
0615F3D8F61BF5CCFB16F2E6121604DC
050101F5F0260000FC57E9EC0407E7DE
05F91DF5FB0FF0FA04070FFFFC080107
121207EA1B0806F20404F0FC17F0FDE7
EE200ADAFF0F16C9081C05D10A0E11E0
0009FDF103FFFDF8F6FEFBEE041312DE
0E260EF8183615FE0630FF0D102700EF
0419F9EE0426F7E40D1E05DC1A180EE4
0B0508F8FF2511FAF532FE02F50D03E6
001614F4F4040AFE03040509FF1110FF
0C18F8E50507F5F4FC00F5F301FEDFF8
FF0B04F30C100FEB0F1B05D8011803DB
1002F5FF0804EEFC060AFDFE080E01F6
192C0AF41E1C05F711220FF414140404
E720FAF2FD17FF030A15FBF20F2C05E3
F9080607E91114ECFB120CECEB1E01F2
FE0D01F6F113F1FD0AFF0C050E0D0A01
FD07F1EE0308FEE60419F0F9FC10F001
090E0B030C0F0C07FC1AFEEC071601FD
0CF807F7FFF50203ED0205F00001FF01
FF0FFDFD040CF6F40FF2F5F215E9FCF4
E812FBF4EC1301F307170EEC150A01F1
F7F60A0305EF1FF1FD0916ECEFFEFCEF
FEFE18F1130F0CF1FF05F6FB08FF0AFA
F5FEF401F6F6F606EDFEFAFDF9E5EEEE
05070A05F906090D06FD02F3F30AFBFB
0DE9EFF70DE9F20205FFF6F30913F5FD
07F101F408ED14F30FDCF1F515ECE3F3
DD0EDAF3F10AE90207FC03001AF1F9ED
F8FEF90A09F721FC0E0911F9F2FB03F5
00EC130307FB04060704F800FB020608
E504E60EF1FDE116ED0A030AF6F41306
F800E51CE9EBE70EEFF4FB09E0F3FAF4
E0D7F8FBE5EFE906F2E4EC13FBFADBFE
00E0FFF2FCCF0FEB08C609F702C60004
DDFAE215EAFAE70AF5DB06EEFCD703EE
01050600FC0EF4F3F40C05FCED1EFBF6
0102FC07050904FC0B01FE0BF70AFDF6
F3D8CEF304E5CBFEF2EFE709F9F5EC0D
F4E2BC28E4D6B51AF6C9E512F6D5DA08
ECCFF901EFE6EB0F0ADBFB0CF5EAE614
0DD4E8FCF4DE0209F8DAECF9F0DBFD13
02F5F407F7F6DDEEFAECD5F0F0E2E1ED
FF0203F5FE0302F5F80105F6F70C08FD
F7FEF6FEFBF7F9FAFF060A00FE020004
00FADF0D02FED9FDF6FBEE0BF000FF03
F0E9DC1108E7E91402E1E90B02E9DE0D
E6FDF20FEAF8C416EDF8C421F0EBD70E
EB02E704F0E4E600EAE8D80CDEF4DC13
FFF5FFF7FEFCEBF602F1E4F3EAF1E7FD
FC05FDFD070602FB02F707FFFEF905FC
05FEFB020703FAF605FAFAFFFC01F60B
0BF7F7F003F9ED020605F71909FD0002
00F3ED0005F4F2150107F200FBF5F1F9
05FBF8030302E3FF04F7EC0C06FFF4F5
EEF8FEFDFDFDD7120F09D30F0504F4FA
F606031005FF03110106FD12F9F5F407
FA0A080207FB0800010404060709FCFF
020605F50AFD0106FF08F808FA060A02
0106FCFB02F602FEFEFDF60806FF0703
F9FAF90005F60A00F7F606FF0508FBFD
01F80BFA01F90207F7F903F8FBFEF608
F9F9FAF60404F9FB02FF00FF0604FB04
05FE0101FAFEF9FEFF0B06FFFF03FE07
FEFD08F8FEF5F7FCF8FCFE00FF040309
F70506FCFB09F60403FD0305F8F5F908
FAFA060805020709F7F5FAFFF9FCFF01
EE0900FFF601F90A00FD02FEFA02F6FF
F30CE30E0410F504F0FBDC14E507EA04
EEF2F0FEE7F0F0F90207EE00F1FCEA04
F2FA0804F6F7FD00F8FEF103FDF5FDF3
FE05FDF70AFCF9010606F9FE0AF9FC06
07FEFA010B0408F6FDFFF5F907FC0502
F3FDFE12FD01F210F50A07FCF801EB04
1118F410FA16FE1DF9111308EE030B01
F607D2F3EC17E7FCF11FEEF8FF2703FE
F0FEED0504F312F0F9E906FB0BF6E9F5
040400F3EAECF7F9E0F1F7F8CAFCECFA
F6F5FDFA040B0AFA0E00FC020705F502
0C07EA06FE1909F70706F7F5F5FA04FD
EEF5F40DF2FE0200EDF8FC0EFFFEF406
E80F0705F801F4FBECFA0B0AFCFA0818
EF0012ECE507FAFCDE22E7EFF41AF806
16E7FAFE08DFFEEAFBFAF9E0FA0CFDDD
E1E7FC0AFCE10EFCFCDC05FE05F2E3F7
FC04F502050702060605FC0DF701E716
0D03F916041106F300F8F602FFF8FE05
000BE908E907F310EBFCF207F1F7FB06
E10FF410CE0FEEF2D90BEA08F70CE4F6
0D0601FEF809FCF8E816F4FCDB14FC02
E1F8DCF1F7FAEB0309F9F7F917FBE3E3
01E7FC0CFAE6E50AF8E4EEF8F8ECD9F5
0EF6F8060B0CF90710F80909F5E5060B
0E14FD11EE0CEDFBF7FEF8F8FE0405FA
F401F70AFCF8FC1EFAF91518FF09F60C
D3F80B17CB09E90DC9050213F1F8FC1B
D811F603D4100411D8FF091CBCF01008
EEF9E9F6E109E70FE1F5ED09E105F0F8
F5F0EAF8F6FDE8FAE8FEE2FDE9F4EEF7
03F7FB0E1200F30706030002F2ECFBFB
0F16002613FE1A14F903F702000A0A00
EF06F513E7FFF403F4F91C1402090627
E4F6201FF0FCF211F3FBF91CD9FDEA19
DAFDF518DF110C29E0FC192CD7081711
0901F3F5FA04E202EC10E20ADBFFDB06
EAEFFAEFE9FE05F8F70DFA07F1EDEFFA
02F6F5F907E90DFE0BE6210006DE0CE9
0A101515210A18102119EDF5F6F50403
01F5E1141200F711EEFB04FFF924F7F2
FC01110EF503010EE5F4FD0907F0EB12
F911FA12FC170812FF16191CFCFB2217
FD080F06FF1603100C17FE04F80EFA0C
F2EE0AEEFF081AE6060711F30FFB00FB
0D05020B02E520FF02DB0201FDD910F3
01041BFA00082209212104FFF50EE400
01F3E9FC0B00EFFC09080F000B1AFAEF
12F1190A0CF8F10803F305FEFEEDF007
0C22FE140C2103061D2106F61B071A0B
1B0C27110F09161616211D0013190409
00F62FFDFD120AF8070807051606110A
22FC110E0AF029ECE8E5260704C62B0F
03050701040D09ED1B0C0C0DFBF70C0D
0000F1F80EFD0BED11FC17FE140905F1
2DEC12F727FEF4031FFBF50512FAFA03
1D2A0C0D2F220DFF330AFDF2280512F5
04031B04F502221B0C1922131D1C0B12
040815F9FA0C1905FBF91A0211FA09FF
1B00180F0CF824FA1CEF260E07D72406
08FBF804FC0B08FD0812FB0909FE0F09
12EF03FC29FB10FA1FEE20010DF809F3
33F506FD35F20DF92FF802F908F4F6F9
2C06EDFD2B11F4F540FBFCFF36E90FF6
04FC03F20C001211F7131D101511F613
0B00EEF9FFFD0B02F5020F060CF606FF
100105022BF827FA110316F80AF507F1
0602FFFE1703F411F31AE8FB05F90E05
09000E061B0108FA13F60CF70DF8FBEF
2EEA05EB18F80B0318E301F017DD0C05
0A03D2F00DF6E4F11BF304F21DF218E4
FD01E9FB05F9EB01EE05FE05FFF5EF08
FCEDF20A00FAF305F901FAFB1608E203
080CF00017012507220019E1060300F3
F1EDECFA07F1EEFD0A08F602FB0C0903
05F100F110FB04010AFFECF00BF5DB0D
F6F51DFCFEFF09F40EF3010209E70B03
E6F9DFF6DBDFF2F2CCDD0FF4EBFB0BF8
0D04E803F702F210EC09F1F4E3FAEDF2
FEF3E0FCF2F4ED0AE6FADC0B03FCE406
1F0DFD0430EB21F727F01BD706FEF9ED
D501F8EA1E1B06FF080FE903F6FE0403
E5F2F40AFFEEF0FBF6F5EEF3E202DEFB
DBF812F5EBF50807E4EF1304EDF60005
E5EAF803E3F0F20ADDE4EF02D0E615FD
0100E00AFA0CF2F30001FEEDF1FE08FB
EAF1DBEDE2ECD3F7F5F5E80202F2DE09
1A07010012F923F113FC22E005F6F8F4
EF08EEFB1412F2FC1307F305F7FE07FB
D9F00709E8FBF4FCD105FBF8E102E10B
E8FAF807DEFA1606D4FCF70AD4E8F1FE
04F3FD06F9F4FD03ECE5FA0AF0E9F9F7
0609E5040608F8FF040707EDF1E80EF6
EBF7E100F1F1E4030506EF150FFADB04
0C0B07FF171A0FFBFF0B0ADFF90DF3EF
DC02FAFBF611EF01FEFB0702FFF810F9
D7FFEAFCF7EAE40AD702E216D608F216
0AFEF3EBFCEDF600E6010EF5EFF6F9F8
F7EFF7F500E8FAEB06F4ECFDFFF0E5F7
03F6E70704F1F902F2F5FFF9F0F4FFF6
E702F003FD00F9FE0207F31304F1E712
0C05FF0C1015FF04F10CF9E0EA17E5F7
D90D0401F80EE9FD03F0EC000A0A0B0F
EBF2DEF8DEE8EA02E0F3F310DC05F00B
11FFFEF011FDF9EB16F3FAE7FEEFDCE7
00F6F6F5F1F1E9E8090404F413EB05F5
FBF9F603F1E9F7F9F9EB10F3F1EBF7F8
EC00EEE900FA04F802FF09FDF4F5E614
1505FC0F1F0C08FCF7FC01F1F119F1F2
F107E50DFFF3F7F1F7F6F513F9F7FDF7
00E7FAFEFDE4FDFADF06FA0CE1FF05F4
0EF723EBFE011AF711F205ED15E3E9ED
07EB010101FCF3E920010BE3120401E0
F9EDF308EFEC091405ED0104F8E80FEC
E805F7E800F2140000F809FA08ECF500
1B0EFA111A0D160E162A1708FD0A05F6
EC02EAEA00F5F1F1F903F0060F18FEFA
13EEF708F6EE0201F4FDF2FEF300FAEC
10F509FDF8FC0D01ED0405FD02F1F7FA
0AE6F5F50EF6F4EB04F313E60E030DF1
EBEEFD1002EC0517FAE3111DFBF80A07
FA0C04F8FF09FF0305FAF403FBEC0800
F613021003131324F5241000E10502F1
E70208EAF5F1F0071113F805F5F70905
15F1F4F903EAEFFBF9ECF2FCF8F8EDE0
E6FB0505F4F50BF7F30316F901F4FE0A
030BEFF9040BFAF4F81017EB010E1AFF
010502FEFBF7100C0303031BFCFF0006
150FF6EB011EF1E1FF01E3FBEDF5F6F7
0107F2120E14F716F21903F9DFF90D03
131BE10BFE0BE309060F07FFFD03FB06
1BE9F3EE0CF4F9EC06F2FB0A00F8D704
F3040E00EDFC180005FC18F012FB03F7
040CEE02F81CF107F8181400E2141F08
01FA0900F3FF0BEF0A09FCFCF70FF206
111109E90810E4E7ED0ED5D9EA03EAE2
01FA0A001015FE0C00180C04FB0916FC
FD23C911FF1CEC01FD07F8F70201FCF8
F9F7FFE50BFBE3DD0CE8EAF312FFDB10
F3150B02F60D0AF5080112EBF80216F7
F717E002011CED03090EFD09FD1C0F14
F5F605EB0CFEFBF807F904FB0219F006
041205FCF804EAE5F908DDD7EAF9FDDE
09F7FBFDE915FE08F51618FA090A0D0A
F713F8E71628FFF4FC0409F80607F7FD
FE08FBD5FE0501D6F703F5F2080B01F9
FB0F0508000E140B0E061BFAF3010AFC
F014DD060210E215FD0B0413F8100B0B
F8FDFCE20206FAF30FFEF201FB10E31B
0D0F050BFC0EEBFFF600E5EC08EEEFEC
FD03FA03E30908FA070B07FF1B080413
FC00FCF70C15F5E9FFFAF903060306FE
F80D0DED080407F50FFBF4FB060809F9
0D1A1210EE090E12EE170FFBE00E0602
F810E906FA00FC0DF505FEFA070C1610
01E109FFFC00F9F10F0AF70B0912F908
0CFD0201130EF2FFFDF30602FDE40902
0BFB0806F21AFE05170F00F53006FC1D
1A01F302F50907FFF5F7F5FB0503F909
F7FC0BFCFFFA02FA0A0BF407141CF30A
FB0B1AFD02030C07E602060CF0FD0E00
FE07EA06050DFFFC070D16080D0C0CFF
1709FA07F609F6F6FE07EF12FE01F809
18EE040D04FC0C1901FF0C1400E30514
070000040304F0FDF20CFFF62619F514
07101912FBEEFFFDFC01FC00F8FA04F5
1809EF110E12EEF40BEBE3F50DFD1A0D
15FE181809F207110A0FF2130B0FE818
1106040012FC04FA0DFDFFE92BFD0D07
2BEF07EF1FFFFFF61DEFFA0C22F7FB06
06F3050FFDF1FF0E03F30C1716FCF201
020805020EFA0A0708EEFB091C040E07
FDFDFB0E08FF0508FFF7FB080BF604F8
15F7F4140BEDEF01FAE7E905E4F0EEF5
17F4EE141CF1E42016FDE629141BEC21
140506173106ED35310100201FF4F910
29FA07121AF3E30E1C01FD2A1B150C25
0102241216F803151EF7E71920EDEE2A
FFF7FEFA0606F90B0207FB02FBFA04F8
0809FC04F7F5FDF80A00FCF8F7080506
1F0EF3000C0CF700170F2501110F1506
0605F41822090D140F06F71518FDF1FE
0627051619FEF3211B150B1302F1F916
F8F605041AF9F21014F1FB2202130427
0E0BF9F91306F9F80D05F21508F3F917
F7FBFA06F509F903FF010900F5FFF70A
FCFBFE0B0405F50906FD08F9F602FF07
F7F600040BFF0BFA00F5F5FC00FB0506
0605FFF702F8FD010502040505FDF7FE
050BFEFCFA0AFDF60604FB0A0302FC09
FCFFF60A0B09FC070A05F7FFFDFDF7F7
FF00F803F9FAFFFAFCF6090BFF0904F7
F8FC0900F807070708F9FC03F8F5F506
F6070600FF000903F900F8FAF5FBFBF6
F700EC06F70BF90808F8F7FEFA00FE07
FF13DEF708FDE102FB03F205010AF305
0100F0E30AFBFE020803DF0105FDD9F8
04FFD714FC07E5110B11E5F9FD10EADF
FEFAE60BFF07ED0F02FDE6170903E11D
FE03F708F800FA06F9FD02F5FF00F8F6
0B02F8FAFEF8FC06F8F8FFFEFB090600
03F5F904060AFFFDF7FFFCFDF703E8F6
F520F6E5F8180CE8020A0CFEFF15F60A
060414E4FC0307F400000CE1FA1B07EA
03E0EE21F7FCED0E01F101F500F304DD
FF01F620F5F5D812FB00E32A03F5E433
F6FDFF00050BF60205050FFBFD03090C
0403F9ECF5F5F1FBF602F7FFF5070008
FBFF0900FEFA0403080EEC050800F808
020DFADE09FE03F0FC0B0BFB0503FC10
04FE09D803FDEFDCF81204CEF6130CC8
03010615040EFA2A0401F81EF9FC0DE0
FEDEF6FA02F1F924F8FEFE20040CFF10
FB0404F80B04FD0FFC05070D0BF1F6EE
06E90D14F9E9FBF5050203F5FD03F701
090FFCFBF9140EF4FC03FA07FFEEE6FB
FF1510E5FC07F0E9FB17EBE1FD14E6EA
FF13F8D9FA06F8DBFB06FDD3FD1A03D8
06050515FA100917FE04EF030503E9F4
01FAFA0E0AFCF5FF05FBFF06050814FC
F703F0F80B19F0F6FCFC0E0707F50EFE
FA080D0B07F9E3060807FA05FB01F8F7
F216ED02F810F70003F9FE0B070EEAFD
051105EF0913F9EDF51AFA01F814F005
030EF5E2F515FBE7FB16F8ED060CECD9
FF05070DF80E10F902091003091710E1
F6FCF9FE0209FB01F615F9E1FB011115
0204F6130610F30DFB38E507FA00EAFB
F713100AF90C0CFE040103ECFB0606F8
F70DEE07FA10F2FB0510F6020411F7FF
000C07E3032005EEFB14FEF70215F7FA
F1100B0FF30F03F7031100EEFA0A00DA
03100A08FC1E151AF918010DF811030D
02F80E0E0711FA11F510FF08F5F6FF1B
0AF7FBFB090A1C17020EFE0904F9061B
F81F090A090DF9F3F81BF1F70B03FDF7
F803E900FB07FC07FBFDF9170703F606
F00F0BF3FE1C0BEA030FFF050614FB03
F916001E07170D18FF1C0311031F07EE
F40C0D13FD1DFA17F8120A25061F071C
F803FD0606080C020203FD1401060F1A
F9000EFA040E080301E7F7F2FBF605F9
FB00F11CF507F1F5F51300F5FDFEF6EE
01FFEE0AFDF9F408F3FEF313F50BF4FF
FC0CF8E4020DEDEBF80407F80700FD0E
07220E06052819120312020FF31501FD
01100C05031001150123061A081C0F17
FB0D0EF0FE180FF6FDFF0BFFFE1501F9
041215F8FA19150707F5FAFB08FA0BFB
0107F6EE0900EFFAFD07F90EFCF709F6
02EEE4F4FFE3F5FEFCE7E7020AEEF6F9
06F50FF7F503F7F4F7FBFAF9F4020AFF
FE19050BF80F0218FD0FF61303FE0AFD
06150F0701121901F41A15F9F71904FF
0222F0E5FA0AF5F30409EAF1000700EC
F90A0712070406FA071E090AFD00F301
F6040AFAFE06EFF8F7FBF703F601F6F9
FDEBF4EF04FEFDF2FEEEEDEEF6FAECF7
FDEDFD05F4EE01F702FA07F20502010C
F7F30D0501F2F40604ECFE11FCDCF70A
F90201E6080609F708F903F6050605F7
0915DAE1F40BDDDA0403ECDF0108E4D6
00FB000FF907F3F2000BF2120109EA02
F512050F010707FD0407E6EA020AF303
FFF7DFFAF3F7FFE203E001E00400F9FD
FEE8ED1803F1F1F600EA01FC02EFEE0B
F3DFF8FFF8D9E50DF7EFF516F8EBEE11
FDFDF4DAF5F7F4F4F9E8F8E405DB02F6
FAEFD6EE02F8DCF208FEE0F1FBF7E0D8
FEF4F70C0306EFF801FEF60AFB08D304
F70E0F10FEF00A03060AF4FBFDF70605
05F7DB0A02EEF8FEF1E0EAE3F9F9F606
FCE9E319FFECECFCF8FBEBF203FAE7FB
F1F8F30907E8FB04F1E8F609FEDDEE0E
FDF4F9E9F70001F0FEF4F8E6FDF40108
02E6DDE8FCF6DAE607F4E8EB06EED8EA
F7FBF61C08F70A14FAEBFF09FCF5DDEA
F6160F13FD10EB0000FEEAE405F6F9F4
FAEEF311FBF1ED0501EAF1F503F4EA02
FB06DE0005FDF400F911F303F203F508
F3FC030E07FCFA08FAF6FAF80302E5F4
03F0F7EFF7E907E7F2F508E9F3EF0A02
F8EBE6E204EED8E9FAEEEB0CF5F3FEF8
0A13F9FBF8F2090A08EB0517FBF7F6FE
0520230A000AEBFB06FEF500FFFEFA02
0900E91BFEF8FAFFF4F3E9FFFFFEFD02
0109DAFC00FBDFFEF4F5D8FA07F7ECF5
F902F10902FFE90DFD11F401F3FBED05
F8EB0CFD05FE04F500F00EE503E30309
03F2F7E1F8ECE8E906FDEDF9F4EAFB15
000714020A011EF004F109F2F6F1F6FC
080905F606F5F4F704FC010409100409
F50AF517F4EF110403F4FB05FEF407FB
F7FBD5FEFEF6DB010009ECF8F6FCE619
0203FA1700F7E709FF03EE08FCF1E7F4
F4EAFD10FBFB06FCFBE6FA04FFEFF90A
01F9DEFBF7E4DEF506F1FEF2FCEB0F0D
05040FE8FD031CE205000FEA06180BF4
03F70DE8F5F2E7000302F2FFFD0409F5
FCF2120A03FD0DFA03EB0A03F5EF17FF
F802F2FFF2FAE704F90BFC00F7F40110
FAFEF60FFF00E610FA03F9090500F6F3
F5E205F704F006F0FBFF09F6FFF40503
04FFD8F6FDF3EAFF0800F4F5F5EE0E0D
08000DF50B0719D608FD05D8FB070AE4
03EE02EA02F3F3F206FBFD06F6F6F901
07ED271001F2261006F61C0603010602
F8FD0AE9F600150907F02C0CF3FE301A
09020F1AF9FF0C11F7F006F8F3FA00F6
FDEC0400F1EB1CF9FF0517F202FB0FF8
03EEE3FBF8F0F400F8FDFAE903EE09FD
FC1DFAECFB0A0CE6012410F3F6FEEE0C
05E816DE01EFF10001F800F5FE120511
01FC371DFEF2220A06FC210EFE0604EA
F7FB2FF604F9390804F23A10F5F53F0E
04FE091308F41616FDF51B1E00FA2507
04F21A03FE0A0CEFFA010CECF50508FA
FCFE01FAF2F2FEFCF0F80406FEEB0E0F
060F0402F90B0704FF1706F9F4010BFF
FCED17E4F80C04F3FD01ED04F6FC07FA
FB0710FF05F8100202061507FB030EEF
FCEF2B0605E92DEC06ED26FA05F52DF8
0509020501F80618F9FE0D16F7FB200C
FFFC0E01FE081BF6FB0319F205FE15E6
04F10BF6060909F700F3F9FFFF050A02
070B0F0F0A130B02FC0D010101F00EF5
FC1013E8011314EF00FEF8FAFF000B05
FE1AFCE4F90F01F006021100040107FA
06FD0AF708F605F502010FDBF6030DDC
0B1704F1F413F4050108F114FA0E011B
FF070005FD0806FBFF070DF0F61116EA
F5F90D0C011202FCF404FE04FB060306
02F7070CFE03FEF90106190D02FA2017
FC2BF9EFF50DF4F608100BF7FAF50B00
F50700DF0408FCDA0AF716E4FC1E01F0
0116EA0EFC13FA0407FE07E8F600EEDD
FA1EF304F917EA0EFB1EE916F915F50A
F5230FF4050A0FF8F7FF0DE9071721F9
F9131C05011C22FD05120D0BF61A0203
0403FCF90311F6FBFA12200201013A07
0B1102DCFF25FBEBF903FCF903FB0901
FF1FF7DFF61AFBEC031B0BD50218F6E7
0311E803F616DD11F70FEB02FE1BE9F0
F614F2F9F911F611FD16E600FA20E20A
091602F9F90E14E2070810E7050B15EA
FE1E11FE0108060307050F07F906170A
FDFFF60305F50AFC050221F2FE1C3210
0906FDF1F713EFE9FF0200FF05FF02FF
F52FF7ED071609E1F61009EA021F08E9
F21CF107F719DF0EF508DEFFF904E1F0
FF0AF2FEF312F704FB09ECF80710E7FD
F70EFFE80501F3D6F816F8E2040BF4F3
F8151FFA06130D06F81107FD050D02FE
0701FFF6F9EC121D08000F010A1227F3
FE07FCE6F604FAF00009F902F6070807
080502FEFC0DFFE5050EF3F10A1000EC
01020EF90502F2EC030CECF8050FDD02
F41BFCFDF40EFE08FB15EBF7F910F8F7
040814EBFC1A16E802FF19D5F20605EF
FDFD2006F6F622FC05FB12F2F90E01F3
F8F50AFA04071008090C0DF6F51E1AF1
021CF50601F2FF03F7FF040904FFFA00
0A0EE9FC09FD04E701F0FDF7FD06F7ED
0907F704070DF500F90AF6FDF909F204
FE04F30AFEFEF01709F40B0309020905
FB160EFAFF1412E9F8110BE6FAF701F4
FEFC290AF7032AE70B002DE6F80226EE
FD06F9FBF8FC0CF406FD08F2F60C1701
FEF70908FA0AFFFF0BF700FBF9FE05F6
FAFBF02106EA1610F7E5050F04EC0505
FCF4F20E0308E60AFE0BEB270410EB13
02101020091014150213211000040012
01110008FD060A12FC000E060B06191D
070A15FFF60721FF0AF31EFC01E72507
FE0001040202F909FE09050BF804FF00
0709FCF90AFAFC010AF70300FB090604
080EF313F51AF80DFC0AF2F30212F1F4
0A0BED29060EFC160704FB19040EF60B
080FEF09F90DD91E030FEA130004E91A
04F402FBFCFAEC0E020ACF14F910FBFF
01FFFDFCFEF813FAFD041104FDFFFE05
05FC0303F903FC060AFB030900050200
05030BF8FE06FFF502FBF6FA01FE05FA
FB010706F7FB0AF9F908F7FB00FAFFFD
F7FDFCF90A05FE01FDFE0403FD02F9F9
F5030B0202FB0AF7020705FE05FAFCF7
F7F7010AFF0306010802F9F800F608F7
F90904F90000FF00F701F9F8020601F7
FD08F70BFA0B03F901FA0A08F901F8F5
07F5F6F8F50709FEF6FA060B02FDFCFB
090106F6FF0407F9FEFF04FF0A080BF5
FAF6F9F9F3EFFAF601FBF702030705FB
F7140601FF130911FA0B0404F7FB0DF2
F9FD1CE709080AEF000AFCEEF804F3F3
09FA03FC00FD0FF3FCFF07F5FB030BE5
0504FFFBFE03F9F60B0806F8FDFE0708
FFF007EBF9FCFF0601000AF5FCFA07FC
09FC0EECF80BFEF2F8F505FC09F5FEE6
0CEEEDEE0EE7EDDF02FBF2D71204F0E3
E609FD00F0F2F308FAE90308FDE2F4F0
150F36E8101810E300121403EE16F601
050406EF10FD13E90B0309DC061512EC
07FBF9FAF9FA0A0206FE0DFBF81206F4
01FDF8EB0501EE09FE090209F8080901
21EAED1116F1F4041DEEFCF8F7F715FD
1EEDEEFB2403DFEF1D03E5FC29F2F10F
1CFEF0070F00EC200BF9EA192200FC16
F61615F3F90B30E70CF7130900F1FB1B
ECF1F8E5F9FCFAD9F60A04ECFB000910
04FE0905F61105F8F71506F21201F2DC
04E0EF2602FAF11BF7070302F8070202
2707E9032102F014FD050EFFFEF5FE0D
1D090A0522EAE7FB1BF6F3051BF6E2F8
1F10FD1715FD02FF0FFF05211C040902
150100EC0F07FDEA07FDE6F90600F20D
FE1608F3040AF00B0700EFF00604F2FB
F4FF07FE0404F3F11104F5030A060CF7
0EEE050414F2FB0AFF0BFD0402FDF8F8
05F3F5FE09FFFFFB05FE090F18E90C13
1D1304FC1710F3F5F2FEFEF6FBF6FDF6
0C0CFE1FFA0AF82A150CFD210907FD0B
04F1ECFB1111ECE4030200F711090208
1D14031D0912E912FE0BE4F20E02F4E8
F4FB13F3F71408021E28F5031D170FFA
03F20106F3FF0A02FEEEFB0909F9FA03
0309EDF60B04F807FDE70412F2DC0D17
0F0D0BF80C0BFBF4F4FC07E302F9EEF3
F90BFC220E1F091F081A051E090C0204
0AFB0BDC03FE19E805F10FE405100603
0FFF160B07F302060AFB10E702F11ED7
050C02E915130C0B281F07F722041308
07F6F5FFF703FE05F0EFDE01F505F701
F3F7E000FF04E6FE18E5FB1A03E30215
0C1EFBEEFD1311F0F80205F00C11F6E3
0804FE0F0D0A0D2607140710041A0505
020013DBF7040BD0FDE81DEA110314FA
07011DFF0C0115010BFF13E30F0312E2
0A0503F910100E091105F30805000804
E7F401FDF8EEF0FFEBECEBF5FCFA000A
F503E1F7FBFDEE001CFBF50700DF0205
021AF6DE0723EFDA0419F9DA0111F5EC
F7090C2AF80A0934020BF80FFC10FAF8
01EE08E7EDF80AD9FAF807D704ED07EF
F90C090308F50F1A12FB01FC080B05FE
0E110CF2120CFC090A031910FB083115
F4E7F5F704F9F6F9FDFDF3F1FC06F704
0C0EC8F90703E1FE0FF9FA09F9DD081D
070906E7011DFFDD040CEDCD0118E4F1
FD000210FA02093BEF0D0023FA11FCF9
E5FBFCF5EF03F2F0E4F901D2F4EF0BDA
F9FB0C0F0BF30609FEF5F811EDF4FE09
07110FFD040B03F113102B1A09142611
FDEAF0FCF705ECF9F6F8F4FEF200F706
FDFDEBFEF3FDCAE307F6E0F100F40100
FC020B06070CFEEA0306F3E10E0AE8EA
04EE0A0BFF070E2CF704FF3C0D020A17
FEF3DC0708FEE6FCFAFAF1E00AEF02E1
D1F7FA03F1F9FB12F0FFF6F9F9F8E6FE
03080E050B080FEF0BFC19F6E8031D03
F2F5F308E9F300DBE4F604F4020202F7
0301E1F5F002DDE6F4E8D0E404F7E8F0
14F0F6111001020F03FBFD0AFBFAEEFD
09E804EC0DFB07FF1A020D260BFE0A29
FDE7D40410F2EC0515FBFBF112E5FBE5
CEF9F4F6DCFEE1F1FBEBDEF1F3ECD501
07FD0907081309E7F0FF01EAC606FBF3
F716F209F9E503DCEEF3FA09FAF1F9FB
01EEDBF9EEEDDEE7F4EFDAF5F2FEF9F4
1D0E11151FF7011B0AFD090EFE07FC19
09D800D819E70DFB20080D19130BF529
07EFDC04FEEFEA0302FAECE9FFEBEBE6
E4FDCAF3E2F2DDFEF8F9D1FAF6F4DDF4
09FC08090D06040DEFF4FB04C2E9D0FF
F32AF300E2DAF9F9E6E7FE0C05030404
040BFBF9EDEDECF3ECE6D5EBFAF804FB
0E09040E160F0F180A0D0D2208F80819
03EA0BE10CE916F01AFB12071B0C0C0A
FCFBECF3FEF1F4F304F2E9F904EBF9E6
EEF8C602E2F1B8F8ED02D9EAF409D9EF
EE0307E516010B00F4EC02FBEDF7F000
ED12E902FCE810050FE80902F80BFEFE
F401F30CE3E5F3FCD3ECF8EDE8FCEBFE
030810FEFB0806FAF7F3040FEEF2FC1C
FBE313FCFAEE0CF2FF061AF80E000C0E
F303EFF5FDFAF4E9F3EAFB00FEF10FF9
03F6CC120205CA0405F9C7EFFF05EDE6
F61505F60A0D0DF6EFFAECEFF700E20C
F3F5E7F80EF5000F12F312FEFF05FB02
B2E9FBFDC9E414FEC9E40E02EBFFE5F6
EA010206E0F604FBCBFAFC02C0F6F8FD
F4E70201E8000200F70808FB08160B03
00F504EBEEF91CF400F10B06F2F60AFC
13E8E12215EAD316050FCCFD0B01E3EC
1511F0F214100EF4FA0CF5F70EFCD81C
FBF4EB1203F3FB0C15ED000BF7FDF2FC
A4E8EFF4CEF8FDEBE5010DFFF5EAFB05
AD03FCF9A4EF05EA94F1E1E691F2EEFB
F6E70CF7DA04FB05CB0A0501D0090C07
0008F20C02F711FD03F01B0EF9F31FFB
1801F71413F8ED12FD00BA120F0FCA0A
060503FA011E04E8F818DBEC0A09EE0F
1FFA00190AF3EF0506EC0800FF030702
C7F709F1EE07EEF1F4FFEE08F4FA0B0C
9BFCF4F1A2FAECE8BFEAEAF1C1E9F4FC
EF010F0AEDF6090BC1FDF5FEA4FEE9F5
040AF008FCF9210EF8072603F2FA1810
06E7FF08F8FEE21B08F9D510FD0EDF07
0D09F9F3FC0414F0F818FBDB01F50EFC
3EE5E138FFCFF113FFF00D06EA09FBED
F6F0FCF90EF3F502F5F1FC1816FB060A
E3E7EFF7DEEDEDFCE8F3EC05E7EAFFFD
F3F7120AF2F70901DEF3F107C6F6EBF1
F6FEE101F6FE0305F9FD1FFDFB062008
FE02EA05FB03F10C0207E313F6F4D7F9
121103FBEFFF1DE1081509EB00F9FDFD
22F8D42AFFFDF6FAEEE107ECFCF6FFFA
1EFC0A0E16120F0D13F7071712F60510
01E5F90F15DEF60C0BF8FE0D14010009
FE010C070CF5FF1006FB03FE04E504FE
03F9F6FEFE02010CFB01090D0B061817
1FF3F20C0502DE000CF8E0FEF805DF05
060713F7050807ECF51E13031308070B
16EFEA06F40FF3E4F8F1F8FA06010AFE
100EFD05111C09FD1803120817F9FBFA
27F2F7081DF2F1FE22FC05131F0CF90B
080D07000702030B0B05FC0D160AEB0E
F90BEAFA0602FB0D021A10FDFE0E0F16
0D040403101AD8FCF603C4FCFFF8DEF6
0BFD030C071606FBF3180BE7130A080C
FEFBFCEBEDFAFCEF0D0BFAF8FD0A060B
121A07090E190AF50A1503F60C0207E2
1B1000FB2415F7F92612080218260807
FD0806080E15FCF71F14F9F11E14FAF5
F702D10AFD03E40CFA070FFCF50D0608
2103F4F90211D4090912DEFA0308E0F7
07F7FFFA041007050017FF0006270BF4
08FAE5E2F50FE4E6FBF10A080001FF08
0D24F4F4F91AF6E30712F6F4FE0103EB
081311FF0D0B15FA162106042224F3F7
0E0D08FB0DFF02FB0F0208FA070F1006
FCFCD3FF05FEE20F0012F5FB08090BF7
171CFE030305D714F500E0090406D806
09FF01FBF90A070CFB0FF50AF221FAEA
1902FB010EF9F40EF906F7030709FC08
FA11F5FEFC0CF8F0180FF8E20E1107E6
0A180413111D0716FF17F80C0D0CF002
040A000F1112050C070507F90A1403F5
FFF6D5041506E7000E05E2000A04EAF0
FF1CF0F1FA15E5F1040DE6020016DF02
05FEF8FCFD031406F70402040714F1FA
F7ECF40D06EFF90A09F7FFFBFDFD0003
1717FFFE0810F5FA0C071BF7F1F500EE
0108F5060905F8040312F5132015F8FA
02F904FAFB00FA04F106FCF2FE05FEEE
E403DE1D0509D8FF060BF9ED15F6FAEB
0C1C080BEF0DF917F211F91CEA02EE01
F6FD03070A0BF50DFB12FB09041CF6FD
180B020013FB03F9FB0A05F80105FC02
18030CFC190307F318FB12F8FDF10FF2
FEFBFDF11CEAFEF80EE60C010AF202F7
0901FDE70CF802EF08F800DB0AFF07DD
F8FCFAF9F0F4FCEAFB0A0DCB0A0012C2
021C240CEF0D0517F411F42B0B06FA17
0905FD000A0F02F80A0EF901FC29FF16
030300FBF7F801FF0A07FBF5F9F804F7
05F21DD9080F13E4090B13FC08FE19FA
1E050BE921F214E215EC03E3F0E1F4EC
11F316F00BEE30E7FF0610F4010A1AEF
EF010EF905E801E3080422D506F623E0
F51A0405F215100409FD160A04FA1601
08FFFDF602F5F80801FD07F7F907F7FD
0B00FCFFFAF908090000FAF607FB02FC
F4FAF2FDFCF0FBF4FDF5080507FE05FF
EDEC23FAF2E80EEAEADB02F2ECE6F7E9
F50F19E10AD929E2DFE812EFE60118F1
FC04FCFCF5EFFAF9E5CC00FFFAFC16F1
0607F6FDF1F6FBF2FBED0103EDEF0AFA
FE010209090B0005070005F9FB07FEFE
010BFA0105F703FB0A04F9020A030AFC
FCFF00FA04FC0AFCFB07F6FFFD0100FB
040BF8060903FC0AFF00F805090505F6
F902080B0507100A07000CF907050BFE
FAF7F900060AFCFD0007010506040604
F70AFA000B07FD0BFA07060A0AFDFD08
FCFFFBF9FDF5FDFB02FF0AF90801F7F6
090408FE060AF9FF00FBF9FF01F70BF9
F70E0AEB050C0CF90BFA04FB020803FC
FC051AEB042317EDF5FDFDFE06FF0702
0811FEE2F708F003081A05F804220BF1
FA0E20ECFE141ADB030C1DE5FE110FE7
00F70BF9FAFBFEF207110AE109151EE7
0603F8FBF901F6FAF9F708F70B05F9F6
040D0BF401FC0CF6F9FF0607FB060802
FF0F06F5020710FE05090CED091A11F4
03043AF9FA012AFA0A0323F9FEFA14ED
FB0B2B03FB092CF708F221F4FDF92B04
F912FCE205140EEEFE1631FB000C1C03
000614E6001F2BEB032D2CD7FF1F0ADB
09FA07F8F6F7F80505F800FFFAFA0C01
06EDF4EF00F9EDFAFFF7FE06F9FEF6F8
04FF09FC00040DFE021B0FF9FA0EEDEE
01F424FEFDF018EB01E61DF8FEF015F4
04021DF200171CEDFD0911EEFBED1DED
FF01EB0C0805FF0207FAFE01F6F01DFB
FC07F8E302FCFCEF030F02EA0812E50A
F70603FA0401FCFCFFF2E8EC0700E9EE
FBECECFC08E9FCF809FBFAFCF9050BFF
F9F9000107F109020001030BF809FC08
FF05140B07F7000107F50000FBF706F1
F80DF6DFF70905E50405FB06F6021905
F609030505FBFE01FF061703010500FE
09F9CEE7FBFFF5EF05ECF70706F4090F
090603EC0B0AF5F2F7FBE5E5FF07D0E9
02FEED0E04FD12EA010505FB090B05F7
00E4FBFEFAE9FC0D05EFFB0805F30AF6
0202E6FDFEFBE0FF00F4DFF7FCF2F2FA
F300E2F5FE0AE3E300FAE0FCF607E6FD
F4151CF9070A1701FC0DFFFC0204FAE7
F5E6D102FFE3E21509EB0C0108081007
0412FB00050CFFFEFA18E4F6080FD003
02F8FEF406E9FEEEFD03FEF5FB010709
FAEAE6F3FFDDE30008DAEE0604EF07FE
F6FFDBF907F6CA01FE0AE5F8FA08E2F7
010EF8E908FAF5F6F60AE5F409FADB00
06FA110309011C00FA0F1303F6060DEA
05EFEB02F3EF020B08F0110408FC0E0A
F6130AFD0008FE0F0200E6E7F503D602
FEFBE40001FB05FFFCFC01E5F6010800
04E0DDF1FAE6DBF60000EC00F8F90404
F6F9CFFDFDF0C5030402D0FBF7EFD5E1
030D14E1FDF607F007F7F8F9FF00EFF6
07F4170B00FF09F8F5070203F80109F9
F7F3F40C05FF030804071E0DF5041F0E
050500F7FA100204F6EAFFEF05E7EAEF
0815E602FC11010805EAF6F2F804E8F4
00F8D9DAFEF8F2DAFCF5F2F60705F3F6
FCF4F8F80709F1FC080BD6F7F9F9DCDF
08F7FCE3FFF809F8F9FF09F600EDF502
09EE0B0902FFFAF5F9FEF7FEF50207EF
F7D804070400F5F5F3140BF3FDFD0A0D
FE0912F8FF060BE509EDFFF1FEE60CF4
FE14110AF91F09FFFAF9F5F703FD08EE
07F9DBE004F7DED9FDE1F2E901F703F9
FDFD0700F60CF908FB14F1F306F8CFE3
07FA02E7FEF803FC05EC010D08EAFE11
F8FE0001F9F2E3010707EB04F80300DF
04EB09F106EC0DEAFF0BFEEA040707FA
03EEF20CFBE3F4F709D800D8F8DC10F2
F902F4F9F706EDEF01F1FEFDF8F806FB
FC05D2F0F9F9D6DAF7EAE0F1FDDBF6F1
F5E91814F90102FE080201F9F802F1EB
03F5EAED0800F9EA03F40505FFFD151C
09F6F80E01F8DBFC07FED1F402F4EDF0
06F81BF406FC00F4F5010EE7020B0DE7
FCECF3F8FFEBE6F807E4F808F7E4FBF3
F5DFF7DF04EF0AEE0201ECECFFFBF9FC
F604F0F80807F3FF05E9E6F2F7D8F4F7
0401160909F90E04FBF709FDF50D030C
08F0D500060BF0F8F309EBFFFC060E11
010E0D0AF408EB02FB09D606F7EECC09
FFEBFFE407F817DEFA0906F1081409FD
02F0F1DCFCF4FAE9FCD90A0908D7F6F3
06DEEBF1020803FBFCF1FAF70A030509
FAEF0702FEFB11FAF5E6FDEFFBE40AF0
FF06040300F9060501F90E0B01FA0CF9
F904DE14F714DF16FF16DD16010FDF01
00FD1007F70F0717F613FF0EF8FAEF0E
02FE0FEDF5F608E9FF0312DE020513FB
0AE5F6F3F8E3EEF608E2E00600F5E4F8
F6EDFC020AF3E7F2FCEE00030BF10308
09020E14F9F5090204F602FBFAE01AFD
09070205F90FFF0C07F8070E01050313
F5140511F410FC22F414F323F81DF20D
F8030907FAFF161505FE0D10F80F0D08
F6E9E1D004F30ED0F7051BE4F8FD07E8
F6F5030403E2F014FFE4D901F6EAD3EB
0BDFFC0CF7F803FEFD0AFEFDFBFDFC04
FAF5081800E40B11FADD0AF0FBE41708
F811F9F9FD060800F807011FFA010123
F7091618090F0616FC190B11FC1BFE0F
06EBF9ECF7FD040F04030A1CF6090E14
F7DAD5E4F7FAF1D602E9FCDDFDEB00E0
00060D02F6DF1019FAEBFE0F01DEDEFC
FFED0C0E0400E715FC0001FA0300070B
06EAF80AF6EB060007D41716F5E30828
F703F4FD010DFD0000F1F719F8EC0019
F9051618090C1905F7131409FC130A0B
09EF06F8F300010007FEED1D08080A1D
F7E9D7FD04F9E7EE05F2DCD608E805D9
FE0104100BEB1525FCEFFE0304DFE00B
F7ECF319FD1B031406FFF9F7FE04FFFB
FDD7070D03EC1C0104DF101802E40115
F70C1118F805070DFCEFFD0504DE0316
FDFDFE21FBFE011701090B130A17FF11
F7F2EDEF00FFFBF8F4FFFA12F8070220
03E0E31FFBDAEE00FDD4E8EC07ECE4E1
FFF70B1CF5E3063402F5072202F4E702
0AE6FA03061AEF15F70CFA03FFF80907
FFDDFF0109DF10FE05F40A12F4F4040C
FE0E131707F8080EF6EEF80AF7E00608
07FDFA1EF7F200120108F912FC121124
FBFFF6F00212F7F90116FCF0F6150612
0200F910F9EF0311FDD5FDFCFCE7F0E9
090BFE15FAF00C25F7DC210FFEFDDE08
02FDFE24F713F2FE050FF8FD0AF1FDF6
F4DA0704FBE70B00FBF6F40C02FD0D16
02F9091AF50C170A00FC0410FAEE0BFD
FDF61112FDF3090FFBFB0807FFFC0311
F609FCFFFF1AF8E902170EEFF92004FF
FDF20427F9DD031D02D7F70AFEE2F0FA
03F50521F8EBF7FE02DD041406F9F211
F600F22B0A07F705F7EFF9ED00FEF4F5
F8EBF5FC05F7FBEAF90C0C11FE0B0428
F8F80BF5040118F9FC030EE70603FDEF
031000FE06E40DF6FDE802F3F9E90CF1
F7FD0701022AF4EEFD2A05ECFB1AFB07
03F6111C09F1141107D40406FEDAF8F6
00FF030EF9FD0409FEF4FB1909050218
F511FB26FB1AF607FC13F607F909FAFF
F500F5F1F602FCF0FB0511FEFC120D29
FCF0F9E701F601EAF6F3FDE707EB01F0
F5FA01EF0903F9DDF5F4FCDB09E808E3
01F0FBFAF611FE080524FF04FF12F6FF
03ED1AF8F4D91504F7CC0EF605DEF3F6
0AF5FB0FFEFC0F1307F3121C04F31716
FD1204150B0CFBFDFDFFF9F903FFF405
05EE02F1070605F209071CF700121A0F
F4F5F5E000F0F7EAF3EBFCDFFAFFFDEF
0404F7E700FB03E1060108E5F4F000D9
09EAFFFA00F30D0DF80617F4F50F05FD
06001EF703D916FCF9D604FD03C6F104
07FFF5F9F900EDF8FCF706F8FDFC0AFB
F70A1111FC040A06FD07F8F80B03FA00
0600F6FAF906FE02FD0D09EF010F15E8
0901F5E2FFF6F4DE01FCEFE2FEF8F3F5
0904EBF6FE02FEE2F4060CE80804F8CB
06DAF6FC02EB050105061503FE0B0502
09E41500FFD6180904CEF514F5C1ED02
FAF8010609F9F5E7FB06F5F50B0CFCF9
09F504010800FD09030800F8F8FB0A05
F412F005FC08EA0B010AEE04F9FC0CE5
F810F3DEF900E6EE0500DEED0610ECED
0707F0F30308F9F5050EFCE40504EFD2
F5EAE70EFBF0040CF7F80C05FDF605F8
F8EF080006E21E12FBDE0713F6DDEE06
0709FDFC04F5EBFD04F9EEF60913F9F6
0909FBEE0402F7F106FA09FBFE05FB08
FB1DFBF90516ECFA020AEB0203FF0A0B
F5FDF1E4080900F4F514FE0707180BFC
F3FEEEF4FC05F4EB000BF7F1F813FBE9
05E5EF0EF404FBFD0903F9F0020D06F9
F8FC090900EC0B1D05F10F1002E3F912
070505FF0AF8020506F9061705F901F5
FBF2E4EA0611010302FB0B01F50304FD
F8FFF80900060402F6FEF20208F3EE08
F9070CFDF518F4FBFB160903F80B1017
06010601F8FE0F09F8F0070109090500
090201F4020500FA00110DF1F4161607
F5090200080503FB07F90911F6F10400
F9FA03F703FA0801FB0A090E01F9EBED
FB070C08FCF809F507FA06F6FDFBFA08
04FD1E05FDFF1DFAFCF512EF0614281C
F908010A0206F70FF701FDFB03F317FE
0506041A03081C21FBFD19EFF90D190B
FBFE10F909170AEB061D1CFEF806180A
FEFEFF05F5FE060208FE0206F9101415
030AFF0903F804020300F800FE0E09FD
F5F6060603FF0BF703F609F907040B07
F5100D0006070CFAFFFEF2FC0AF2E9F0
F508211EF6EE1211F9F8160BFB0D1002
09190B12FE011E1CFDFC1200FAFE130A
FFFF071D0B0D0F0406FC04FFF9010F10
0903F4F8060206FC04FFF7F9FBF3021F
F9000504090308F9FD0A05F50BF5FBFD
FE09020AFCF606FFFB040A07FB02FEFE
0208FFFF04FD0406F7F50B06F6F7FDF7
F60A03F902FF04FCF6FFF9FF070A0507
0C09FD04020006050E0CFAF60D1003FB
FB060AF70B01FE000506FF0904FF0AF8
03F8F704FBF800F606F90A05FB08F6F9
030508FFFAF900F6F60506FF07F6FC0A
FC01050909FA05F604F8F905FEFB04FD
0701ED0E170CFE0312FDF7FF0B090B05
011804F71D22F9F41306EC020D07FF02
0FFFF71BEE0302040229F101102CFAED
1E1AF5F3231EEFF71E05FB0320F6030C
1114F1040C07F8FE1117FBEF1B1DFBE7
F6FBFAF8F9FF0A0A060701F9FFF7FEF9
FDFCF8180509FD04F90609F506FE040A
23FFEC001209EFFE0E19FE011100F415
1D17DCF02F08E3EC2901F1DF2408F0F3
2A02EAF81A04ECEDFC07D90910F7E505
180EFEF1130E04F31F1C05F61802EFED
1417FFEF0F1CEBF3301BF0DF1404F4F1
0506FAFE0004F5001AF403FA25FAF5FC
09F9EE0CFBFAF80EF8FEFF06FE0A0609
11EEF5E915F0EAF0190AEDF00DFB0002
15FDE2EB12F4D2DA05F2E2E815F5E7D7
FF0EF6E703F8D4EE0CF2C4E3FFE1C4FB
22FDFBF20810F3EA030B01EE0D03F7E9
1426FEF91607F4F00E0BE8F9FDFBF0FC
F50A0A060A0DF5F80CFCFAF30B0D02EE
00FF0FFBF0EE05FFFBFDF8F804F5FDFA
0CD5EBDB16E0F7F022FAFDE202FDF0F0
0CEFDAE306FBCFDDFE05C8E213F5D8C8
F7F0D3F10E04D5F306F3DCE406EADBE8
0200FEDD0EFC00E50209F8D8FE04DFD4
EF21FFDAEA0B10DCFB1209D40D08EFDB
F407F9F00B13FEDB070808EBEF1A0ADC
09F9FB051F00FE0602F7FB08F7FE06FE
04D1DBCA07D3F7D314F3FCE21CF4E8F9
FD01FBE70600F4D10BFDF0DB0CEBE9C0
02F6E4DEF100EBF5F5FEF7F1FF0104E0
FE0AFCBEF6E803D3FFEA16E409F709DC
DC1404CAE4FE06D3EC03F5D7FE12FDCE
0907F6EC141C05F4F50611D2E5160BD8
01F6FC10FE0F141A02FAF1F902FDFCFB
F8D6FED207C906F408F406E90EF9FA09
07F80FE0FBFB10DCFCF91EC4FBEB09CA
ED0212DAFCFF11D9ED0008E4F8F20BD2
EBFEFDDAEEF6F8D2F1E80BD700E405CE
D41F02ECC60F04EFD80DF3E3E60DF9DA
0410F2FFFF0DFDFA1A2C10DBFA1E09E8
00EF060A0405091E09F0E015FA01F7F7
00D5FD06F9D61104E9E5050205F4FDEF
02FB0BD8040018ED0BF714CCF5EF13DD
ED160ECDF20704D6EBFF0EE2FEF207DF
E004FCCBDDFBF1D4EAEAF2DFDD040AD5
C11606FAC62500F9E305F5E6DC0A09D7
080AF9FBF22304EB0C141AEDFC190500
E80507070BFC17F403F3E71CFFFA0009
F0F400FFFBFB0F15FCE20209F2E9F6F9
08FB0DEB08FE08F109120CE105FE1BEB
DFFEF7E0E10202E0F70401DDFD050BE7
E702F2FBE2F0FCFCE5F2F5F6E3FDF7E4
EEF90911E20D0706D917040F02FA0305
FC14080DF42C24FC021E2709F80F1321
F9060215FBF1FFF7F2F2FC21F803F4FF
02E60210F0E90A12F5D9191AEEFC010E
EF13FF00FD0501FB031A15F900030CF6
F7F4FCFCF4E4F000EBEEF703ECF6F60F
FDE9081DEFE40425FAE6091FF1F3F91A
E8FE0C06EBF1FB08F0FA1201FFE90717
05EA051506FD1911EE0C211EED10151A
F7F704FEFDF7F00BF901E625030AF601
F5EB06FE08E609120EE30AFEFBF90B0D
F903F123EA11FE1AF020080D052014FE
FCD7FC2CE9D9F01FDAE6E81BF30CF10D
EFEEFC1E0AFB00190BEBED25F6E6FA2D
F5020C26E9F3040805F3052AEFE4FD1E
E8EFF80005FC0E180AFA1E2315081629
F8E3ED07EEEFEF1707E9F02301F7FC0F
01FAFE08F3EB04040AE01CF8F7DB0505
F508FF28F9101323FA1F1E0BF5091200
F6D60125F9F5FA2AE206ED20E20BEE18
00FEF11208FEFB1005F7021CFEF4FB11
0D05112107F8051507F0F51E05EBF620
F2F0F323ED1618160C18191F19080020
E9DEFF0AFFF6FC06FBFEEE0AF8FF0105
FAFB100BEBEE1408FDEE1D0501E4000D
FE26141EFD162222FE14142402021A1B
05EAFEFD1CECFE300B0E1215F1230720
FC070B0404031AFC18FC01F91FF607FA
F9020F0100F20314F6F70607FB0401F6
02E5FF20FEFC1C2E19F4002D0C01090F
F6E9FEFFFDF1F010ED02EF00050CF1FF
F90C160DF0F9FF03F5E6150AFDE1FDFA
0117291908251922F0101D0E050C16FF
1C1503EF230A040625151B0414201F0D
030001E601010EE1F7FE05F4120C04EA
14E3091007F7090202051CECF3FD18E3
18F8060005ED0E2C11F8082C0EEC0323
24FBF6FBF601E305F701F30A05040D01
FA0E0FFBFEEA020DF3E4021F07E400FF
081816100803181D04051D08FD030CFB
0D0D0CE81A0810F01F1B2405130B1302
F4E804E405F00CF103FF0AF91109FAF4
09DF142408F6020CF70414EAF6F700EF
1CFC0A0F1AF705280B16FE0E00F61315
20F502FA120BF8F2FCF5FFF70C0EF8F9
F009FCF5F2020D0C00E5000E0CDAF200
0817100A00131B050E041605F9070C0A
0A0F1BF31A0614F0190318F40F091B07
07FBF9010CF20DF40CFD04F4120F02E3
00F2031603FB10F40FFC09FBF7F8F8F2
12F40E0205F522060B18F51214FD1110
12F000EE0DF6F6EDED060706FAF1FEFE
03FCF7EFFDFA0001FDE6EB01FBD2E10F
00140609F7FBFE0904EE0809F5020B0C
120512FD21070BF3090722FA0F1924FB
F8E900FD09FB0A0A180209061203F8F7
07030A03100A09F90CF4131004F003FC
11F1FF0E15DB12253316F312100914FB
0EE7050906FEFFF8F9F5F906F908FA02
F803EFF911EDEBFC0AE0EF12F3DBE6FD
081BF20C0314E708EDFFE5050805F3FC
16060A0A1D10F60907FF0907FC0B0403
05E6FEFE13F60E08180100F61605F3EF
07090710FA09FEF5010E05F20CF5010F
15F00902030207FF30EBF40E06FF0D01
04E9F3FF04F509F9FA0801070BFBF90D
1704E3080C0803F515EB03110BD90707
02FCE0040B0CD3050313E50B0312DE09
1502EDFD1703ECFE100EFA100B05ED0C
03F2EA061BF0EC061F03F8FA1707F4F4
05FC1207FAE2F40BEE0201F0F8FEF6F5
16FE0BF9FFF1141127FDE403130001F6
0AF4FCF215EAE409F7F7F11CF5090A0B
080AE300FFF3F4F300E2FAF905D9F903
0CFEF3060A0DE904060AED00FC07E9F8
1300EDF61200F5FE1405EE0F0A07E103
0101FAFA1105ED041D05FA0F2304F3FA
13EE10FB04F2F801F8F2F8F900FEEEE4
1306F20A28F209FC20FDFAEE16F101F6
16EDEAF60CEBF106F4FF080B090BFD01
F9FFE3F6F1F4FCF901E906ED01CFF2F7
1609F2F507FFFFF80C04FAFE0207F2EF
240BFEE21506FEE30DF40E0E04F806FA
0301ECFAFE0EECFDFAFAFBFB07F501F4
FEEF0EF60DF506FA02F0FFF9F4F9FFEF
0802040C1DF4FE0914000FEF13F00805
02EDEDFA06FBFCFC0F02F9F5FD08F207
06F30AE904EF07FC0BF105F80EF305FE
0F0004EF0203ECD5FB10F5E80FFAF1EA
FC04F6D91000F9DB03FBFCEB15F606EB
FB00EF0AF713E8FFE910F800E7EAF1EF
F0021305000408E9FBF408D505F2E3E8
0107070608EF03F510F1FCF4EFE21F05
05FE000013FDEAFCFF00FE00060B0009
F2F013F301FDF9FA01E5F706040EFFFB
EDFF09E806FEF7E1F3F804F1E4FDFDE6
E0F8EEF3D705EDF4FEFAECF6ECF706EF
E212EBFFEB0CED0FD60FF100DA08FB00
E6092EF7E8F617FEEFE604DFF900E2E7
0507FE01E80A1203FFFE0900DAFA2416
F7080B0B1302FCFD0701000AF8090305
EC0B0EDCEFF80FF7FFFD0304F5F10F06
EA0010EEF0FB10EEEDF114FBE3F21CF3
C3FAE90DD70802F8C9FFFC04D901F60D
D516DEEDC117E3FBBA12EC0AC511F5FA
E4083001F4EC11F9F4F4FCDDE8F5F5E6
FE09FD09FFFC06F8000205F1F4FD1D16
FFFE060808FCFCFFFB08FB0706F5FFF8
E00622D9F5030EEC08ED0606FA07150B
DF0E0CF7E30E13F2CE110EECE81318F6
CB0FECF6BEFFF607C9FF0A07D10008F9
CEFA0106CB0702FDBF03F611CF1DEF04
E4182C14EDF71BF5FBF21401DEED05F0
020505FD0CEEF70F1CFE02F2FF0E112C
FE030215F5120EF802F80AFFFF000100
D600FFF3E8F90B0FEEEA1A13F6E50710
D20E0AFFE00C0EEDC30503DFD703F5DF
D1040A04C703F8FBD504FBF6F801E6FA
DBFC200DCF101EEDE11A1DF7E5080D10
F7252715E61822FADF032104D6151D01
00F704F91001F0FB07F90204FC00061A
FD0402FB0806010904FA050A0808FBF7
EB0F0900F4F41205FEFD0B05FB0F1405
ED110205EDFE03F2DD010CF2E615F9F5
EB0AFDE4F31424DBED0711F6F2170E04
13E6EB0800180AF4FD2514080801F804
111011F809F5FF0202FD14F009FD15FC
0A0A0606FA0209F9FA08F9FC031604F8
08FD030902040A02FE05F5F600000007
F80F0B130201FB0DFC07E31E04FCEE10
F911070307ECF922FEFCF60E07FD021D
FF0D0EEBF81505FDFE020115FA150006
FD1409FFF611FDF70204F308090E0208
FC0BFE1304ECFD1CF9FCF90009F10904
0B02F9F80307F60600FE05FDFCFA0003
FFFC0306FCFC02FBF6F9F8FEFAFA03F9
FAF8FE02F9F8090002040B09F90309FA
08FC020301F5F80B01FCF809F701FEFC
FDFA0509EEF8F2FBFA06FB0D04F7060A
05FA030BFDF8F906FCFDF60A02FDFB06
FBF8F7F609FC0209F6F9FE0401FCF707
00000AF7FF090B06FE08F5FB090201F9
FD0201FBFD0503F700020803070AFC03
EE00ED15ED04F813FC04F902F807F9FB
02F9F40F16FAE925FB03EF0CFEFCFB10
F700E7F707FC091209FCFC1E0600FA0A
12FBE01E25F8EA0DFF0BE6FAFCFDF501
07FCFD15090BFD130001FB1B1A01E91E
01030B03F7FB0601F50109FBF809F7F9
EBF1000309F705FDFAFCF60909070A03
0901F11312FFEF0FFFFBFB01F90AF5F6
0A06E10807FBE50C16FCF0FB1601F30F
19EED30B14E9EF10FCF0FF1112FCE105
FB02C7140E0CD40F1BFEE71302EEE705
0701EE102702F61B0DF8F01805F7E214
F5F6F6FDF900FFF8FE06FE02F700F002
F4F7F5FCFCE8F8F9F60402080B0208FB
02EEEC0C08F2E30215FCE5180302ECF8
04FBDBFAF4F5E4FD0303DF07EDEAE702
0EF8F6F708F9FC07F610ED03FAF4ECE9
08FCEF0B151DDBFD0B06F5FA13F1F3F9
1DF0FA0B0DF3EA0108FFE90B08FFFD04
FF05FC070004F50403030CFE15FFF8FF
F7F90004FAF3F3F701F604F8FFFC0009
FEFAF71005F8F815F2F3EF01EBEC0307
FD05EE0400EAE10906F2D51A01E7EC0E
F812F9EF01FAEF01F3F2FAFFF7FB00FF
F90DDAF7F80AF7F9060CF6EAF60AEFE6
27120AF91706F6FC1703F1F20A10F800
031801FDF51706F30B0412FC1D071607
F3F8FAFAF7FADCF70BF6FAFAF600F807
FE020300F1F20C13F3E6131BE3E6FE11
010903071803FA0B1E0A090E17F6111E
F40303F10C1405F300020FF805F70E04
ED01E8E40101F5ED0114F7EE050CF0EB
15FCFEFF0512DCEB0C16D6E4070DDDE5
FA0C0008FA21EAEB0916F8ED1C15FBFA
F6DD0CFCFA0D0302FCFBF109FCFD05F6
0A000708F6FE0507EDED0C01F2EF0603
08FC1A0FF700100915FB06071A060E18
FB17FBFB041810FF030609FD0D00190C
FF1B06EFF40E10EF0F1615FC03100BF9
0BF902EF050B04F0F10C0802E60CF8E4
11F9FE0B0A08F4F81116D9E2FD11F5EC
EBEA130712FE1107F803F50600F70905
0200FCF8FB04F4F6FA03EEFBF3EDFAFD
FB0D0100F910FF020605F718130EEF01
FF1F00F2F314FEF9090804FCF1FE0907
F0191005F21B1805F70E11060110F605
FE0F05FB0A130BF9FD1802FAF60F04F3
FFF3ECF611FFFA140EEDF6FDF7FB03EC
F50D0E07060B0FFAF4000C0DF0F8F502
FD0005030BF807EB0BF5F1F400F00611
F4FCF110FD0406070A0A05000602FE10
F0FE09F8EE0BFBF9F108EE06ED0DF4F5
E909FBFEF20F1006ED14F6EFEA17F8F2
F21FF3FBF01405F3E515FD00EC110209
F71AE9F00806FBED110CF5F1F71003E5
01090EF4130CFEFAF6F81606FCFA120A
0502FFFD0CFE10EDFFF40CEBFEED0CFD
EB12FDFD0110F3060E0FFC040A00FE08
EAE706FCE7FB040DDE0704F8D7FCF504
F1030BF9F2F705FEF3000EEDE90208E0
F818F3ECDEFDF7F6FAFC09F706F713F2
09F8F219060AED0D0819EAEDFA22EEF2
01F9F9F00D0A0F0809F9F901FBFA06FD
04FF11F3F20B0EF0F8F30603F9F412EF
F70CF8F6080BFEEE130308FE110C0DFF
F0F2FF14E6FDF513DA00050DDC0400F3
02F712FC06FD08F8F1FA14E1ECF800F2
F705EAECE80200FBF9F302F7FFF617EF
F7FBF30AF7FECD001201EA020812E0F6
E2FE04F006EA1305EAEEF4FC09FE1106
0C160D09050407E0F4EEFFEBE20608FD
02F911FC19FE12F825F302F00FFB060D
F4F8FD15F0FF0010E410020CFBFB0AFF
03E712F6F1FC090000F519F5FBFB110E
FFFFF8EDFBF60DFC05F61500EBE90CFC
F4F00404E013E2E5FFFCEBE307FADBEB
FA06070C03F617050C07050A0BF80303
01FFFF0BEDFEFDF9E7EF00E6D7FBFDED
090F0CFB15070A02140505F4170A0DFA
01EB1115E8FAF40BEF14E80E030E0504
F6F5FF07EDE80F0307EE03F7FEE1110D
0FF1F6EE10ED13F10DE21EF0F0E70107
E9FE1106D71701F7FEF1E10516F9E0EB
EA1800110FF61A1DF9FC1E08F800EB02
0C03090FF30D0008FEFE02F1E4F616F1
1A0311F318FE1307160B04F30EFE06FB
13F70E24F504020FFE0DED000810F3F3
FCF70A0204F5060BFFF5FE010EDF0D19
0AEEEDF615F80FEB0CE728FB0BE712F3
FB0EEDF8EB07F8F2FEF7F7F516F2E103
EA0A070CF0F70F0CFAFE0203000801F7
13010703FF04FFF606FAF105F5F80701
0E11FFF7080110030BF40C0007F3100B
05E9FB1AFDFAF61F020007150401FF05
0FEB210D18FD150F11ED090910EFFB1D
06FDFA0923F70B040DEC10030FF214FA
F306EEFAF401E7DE0AF7E4FDF3FFDAF7
17E5FC02EFF0E5080404FB08FB0BFF01
01FE0B0CFE07FD01FBF6F7FC000A0710
1AFAF705020E081A08FA020B0AED0E00
0CE4011703EDF2210C04EF130807FB12
14EB14090C011B101AF6021A17FEF513
02FEF00211F6020B1A07120910FE1DFB
F5EFF6EFFFEEF5FA06E9E1FDF008E0F2
F4F0E9F3EBEDEB0603FF070C0EF90108
F9F210F500EE12ECF3F3F604EF01010C
0603F007F812F61000F5050C0FF51B07
19E8FF13F7E0070AFDFDFD0A0F05F80F
0C04070000F30F0516F613051AFD050C
FEFAEBED05FF02E403F804F70DFA0706
E7FCF8F6F6F2EBEB23ECC9E300F4E2F7
F103E3F00EECFFF702F9F70707040BF8
FBF806F30AF5FAFAF0EEFB0EFF01EA08
F6FDF4FB07090406F5F902FE0CFE01F7
10ED0920FAE40B1903F1F900FCFF00FA
FFF904F116FB09FB0FFF0BFE1FF00804
02F3F1F903FE05E808F802F113100EF4
0206E0FD13DC05DF1DF2F5F709F0000F
09F6D30209E9F91101F2FAFBF6010608
10EB01ED0FF7F0EEFCF9E9040A0CEA04
FEEC06E800F4F0E30405EDDE01F904E4
08FE011919EF10170BE7FF10FFFB07F0
040A0FE9FF0002EFFDEB04F301060800
F6EFCDFEF3F4F2FDFA01FEF8000B09DD
F8F0F00928E40D100D0CF40C03F9DCF0
03E2E912F40AFDFEFA071A0905FFF8FA
0705FBDFFC0AF5E50002E1070106F811
F7F3EFF0F4F0F7DFECF0ECE1FE0BF7D8
02F8E50913F2F61F14F004140EF8FCF6
F90108DBF2F406DEF30301EDF2F7F6F6
F0F0CDE4EB0EE6F7DF06F9E6F205FBF6
F208F408060EE803FD02F5F4ECFED8FB
F7F8D8F90A1BFEFBFD020BFB0500FEFA
070BDDE6EB04EDE8F911F100F310DF0A
FB0BFAEEE5FAFCD0E704E2CDED09E3D3
000DE70403F2F80B12FFF10B1111FD02
EF17F3DDFFFBFDDFECFDEAF3EFF4E0EC
E703E0F3DF08DDE5E60AEEEDE405F0DB
FFF5F4FD13F5E1FC0EFB02F7FAEEF302
FD03E7F60105EBF40805F90AFB00F0F8
F61AECE9E709F9E4090900F90514DF07
141904E90807F1E40207ECD9F810F4D4
FA12EAE71317F3FE1217EC0A0911FA06
FB15FBDDF108FBE7020AFAE9FD0903F4
0714F3F2F111E7FCF311EDE7EC16ECD7
FFFB04FBF406E503F917010AFF01030D
031EEAF10B07F7FCF5F608F7FD07EFFC
FC24FFE2E72300D9E91CEEE9F81CE6FD
1418F2EE1B1704010312FEEAF01D00DA
F40AF4E6F40EFBED020BF9040E1B02FA
FF0CE7FAEE13F5F20319F8EB0D14FFE4
0114EBF6EF00FCF90AF7E8EEF8F8F2EA
FFFAFAF8EA05F207E60D12F91614F5F6
ED07DCF3EE00F2F5FF01F50802F60909
FA0C0FDCEF1013E5F420F9E3E215EAE1
0317F7F80D0FF4FF0B0DF2F30A1D05E7
F612FBF0000AF4F8EE1504FBEB1C0606
02FFF903F108F4F6F618F4FAFC0FEDE7
F612EFFE0610F8FD0EF9FA0D0E05F4FA
0A06FAFDF1FEDB02FA0A0DFDFC13F3FA
F9FD04FF10E4000A00010B0700FEFF0B
0A1211EBF4081ED7F1F61EE9E5F80CEE
0A090A0D070FFB13FF10FD0EF60301F8
F323FF01061CF6F9F413000C012A0001
F10DF310F91FEA0EF514F1030A0EEDF5
040B0208FE0FFBF9FB050D0AF50C0D12
07F608FE0D02001716F7FB0C0D03EBF4
13FC0D05ED0FFCF1040709F60509FB07
E40707E3F107F7DDF4E01CF409D22203
1AF612240EF715180300110EF001FEF5
F41BF5FB0A01FD07080AF313F1120214
E111F8FA050102040813F5F40410F5F8
F70DEDF4EF11EBF7F812FAF5F9100702
FFF8FA01060BF60A10F9FDFFE718E9F7
FFF811F800FD040B0600F9020AF80B02
F6E01DFFF6EF0AFEF1FE01EEF3F901FA
07FB0B02F7E2211EF7E73116EBE62AFF
FA071B1FEBF62D0FFD00151E01120901
EDFA1815FDDC0A0CFBFC13FE0207140C
FFFC19F0F8121BF6E4FE1503E3F9090F
FE0BFFFBF90B0704FD00FB06F30901F2
F7F8FA0606FD06FA00F503F902080107
F5F11B05ECF214031407150800F70F0F
EB0F110303FA191EFFF51B13EFED0E01
F0F522F9E9FE2EFAF2050B06E5080402
09F816FC04F32FFEF6DC4104F1FA32FB
10020B030CF9190C03ED1E04FFF21906
050A00FB0103FFFC07F803F8FEFAF7F8
FE00FAF90800FE05060AFB0205FA0803
FDF5F908FE0203F6FFF7F5FD07FBFBFF
03F6F7F90100FAFFF60707F6F9FAFAF8
09FF00F9FB070CF506FE090B09F707FF
040AF8FB01FD0204FB07FAF7090804FD
0704FEFAF801FF040BF9F5010A03FAF6
F9FCF9F9030407FC0803FA03F5070409
00FD06FD01FDFFFFF6F6F5F7F8F908F8
0FFE10000A051415FD0409090D02F7F7
1522070C2918211D21FF08FD180C0BFD
FC05260DF6E402FF19060F191A111F2B
1A0D1C1C200919181309151B1F1C1606
06F9111814F60F0B04FB091C07141E15
F702FE0909FBF607F9FB0708F7FEF6FD
0612FD0F0CF704050200F5FEFD0A070A
1C1F1D09121B11000E06170011080917
141F1E0D051A09061F201CFD180A1D0B
F2010BEBE4F612F4F4FB10F621140FFC
05EB0C06FB0701F6E201FC0BE7FA05FB
FC05161304140B17080E110DEE010010
FCFBFBF706F900FF0AFDFBF10407FDFE
0A140B0807F9FCF3FEF8FA02FEF70809
110216F02611180517010410160E1419
2207FE102713110D1F1B0A101FF5270F
010306021E1905010D141C050A110CFA
EAF0F806E906FA01EAFCFBFC0B120804
E723FD16EE0803FFEE11F31FE9EFF814
00070709F5FCFBF905FCF1F6F816F405
FCEF0CFDFAE8F908FF05FB080A0A05F9
1D0A04F31312FDDE0A0EFFE113FD1D06
0C0AFF191B0107FF21060A0812FD10ED
0D02DEF60705E60206F4F1F41203030E
F40AF6010C0CEEF10A0EE8F90304F3F9
D9FCEF27DDF80204E5F20017F4F6F80D
0B1A001BF81AF818F1F5020AD506F411
F9E4FF040001E40F050B05FFF60AF509
12F004F60DF311D5F9E30CDC25FF12ED
0DF5EFFD10F3FDF20DF0F00609F5F7FA
E808F5F7F4F6F602FFFAF7FDFFFAFEFB
FF0AF8F5F113DCE4EB0FF1F7E914F20A
D2F6E90DDEFEF00DEA0CED000010EFEF
01080307130F0C26EE151D0FD803041F
EF0107F902FF0B0F08FC03FCFC0BFA01
13EA08050CDF00E5FDE000F810F013FD
20FE02FE16FD03F108E7F90014EFFE0C
E90EF8E90BFAFDE105EDFCF30700F4FD
E10ADD02E90FDFE4D810EAEAEB0B03F4
D3FFE11AE115E20CDBFDE903D90CEFFD
F50DFC0612061B15EC0E130BD8F4F117
E8F90EF1EFFE0D0105F119F8FF040506
0CE617FB16FB14E414EAF5F90C090FEA
16F6050B17F5FD1812F603030FEC00FE
E500FAF203EE09EB0B0001ED13EF0DF9
E4F8E60EED0DE502E906EFF8D802E9F6
CFF1DD24CAFAF402CFFCFEFACF00FD06
FC18FB1219F3FF14F408F005E6FAD012
FDF7F500E40B0D0FEEFDFEF3FE1AFF1E
FAFD16110E02FBF408F5FEF407FB00F4
100C1C14FA0D15160108011006F40100
F30001F1F4000AEE0A0E1CF91C03101B
07FD0808FA0CF306F405F800F700F80A
DFFCF900D6ED1DFBEFFEF816FD0D0916
F7080A16F6F3001A0309DD1DE3FED00B
1208F60C09F1FC08E7EC04130501FA03
FAEC220C13FA07F0FCF90FE913FD1DF9
06F3171D0BFA10FF00F4140CFCFC1E03
EFF9F7F1FC0014EAF9030C04FFFD1314
180EF8F920FCFA030EF3FE09F6F7EE01
E512181BE1FB24F209FD05091A0E08F6
EBF30FFCF4040913ED04F628ED18E81E
23060AF602F50609DAF1050303F6020B
01F718ED1C0D21EA140318E906FF2213
E500FD1CF3F214060F041B1602EE1A08
0603E9FEF415E5E1F90CF9FFE8F4FD11
120E0AF416FD03F713F9FB09FEF7E916
FB110E120DFB16070CFF0D00100009FA
ECF20AECFBFE000706EEFA03F110FE15
1A0C0202EF09FE000712031F06FAFA09
0F0BFFFA22120FEB0E0614EB09F41FFB
DAFBEC0FF0EAFB060DF804F7FF030AFC
09F4E400EC0BD7F5D106D1F7D803D009
0E0E0DFB13F212FF23EE020E25F1E513
00141D0D160205FF160C0FF620FF1FEF
FCEC14F5ED04E71EF60AE60B111E021B
130A040C0409FE0FF6080A09FBFD0302
080AF60B2103FA0414F90FFC200A05EE
D206CE00EBFBE20D07FEDEF7F802F5EF
FEED0901DEF909F6DF01D6EDCCF9C803
0AFB05FA0CF71A011FFA11FD16EA0A08
290906041111FAFC0D0203FC0C050C00
FBF11DEFEFF90D0F020004F1172D0C0F
1A01F416F4FAFE09F1090915F5FDFC08
0F00ECF82B0CEC0725F3F1FB1D0EFFFD
C408D705E312E201FD0EE30F07FBE8F4
FFFB0DF302FA18F4D60B08FDC114E2F8
0BF4080600FA141009EC13F809EC1901
290909112C1EF2FB140BFF051207FE0A
F61204F3EE11EA000718010BFA0B0B08
0FFE05FFECEB1AFCF5031AFE07FA0501
1805DFFE180DDE0A1C01EA0C2102F9EA
CC19F408E10CEB1008F9E3160BF2E607
11EE17FD01001406FF0616F1DD0D0FF5
FAFE110109F90F01F0EE0A0805E90CF3
0E0E03171D17FDFA0C0BFE0611F00AFB
FF15FBFAED1701E61B1EFBF7200BFA18
0C15FE07E1F8190107F7020707FDF30A
11F4ED131003F5041400EF0E150CD8FB
E9150409F518F406150AF40C19FDE90A
11F421F109011FF7080522FEF0061601
F80211FCEAF41311F3F303F4F3FEFBF9
140C030C1108FAFB14FA01FEFEF512F4
F11F03F0FB11EEE2331BF70221120C03
07090006F4F10C01FDFF14F804F307FE
14FFFC0D09FD0E0826FDF90418FEFAFB
042201F70E0CFEFE210309061004F614
F8F709F9170A29F614F41400FD1A0AFE
E1F123FFDCFB060AEE0DF803F610FFFA
1515F6FB180D02000DF50303FDE90800
FA13F5E9FE19DDD62B23E0E1200D0206
081305FFF0F215FF06F8180A01FBFBF8
01F3FB010704070F1F05FF05FF060605
031500071422EE0E1819FB0A0BFFF005
E20E03F50BF10FFC21FA2706250711FB
ECEF1804E3F619F9E9030505E5040300
1BF9F00725FDFF0A07F5F6FFF4F8FD11
F426F1FEEF07FCE4241BFCCE04FCF0F8
04F81500FAF40F03FFF105FBF6F2FFF2
041200F80109F800010D0309080A160B
150DF6080614F9010209FB09FF07FD06
F20EFFEAFF0504FA0FE81A171DFE0D09
FFEC0A0FFCEE0DFDEB030E00F10017F1
FC08EFF81D05F8E80CFAFC0102E3F40E
F207F3F6FAFF11EC1D03F9F00FFDEEE2
F7F9E902110708EE0400FD0603F5FF03
FB02FCF7F50CF9F7F80C0504F1150FF8
280EFB0B1818F409F918FBF5F30502FD
FC1402F10A010C07FD02FC1A1404F51D
FEF8FE0EF2000700EB0B1309F7FF1AE6
F20CDBDD0F19E3E7FBFCF8FC04EEFB0E
F50AF6FBF71FEEF01006EEF5F9E4D8F6
F30BFBF6020CF4F000190408F9070208
F7110EF5F400FAF20A1FFCFA020B0CF4
0A19F913020FF8170305F404DE0F07F6
0D060EEE15F30AFF08FAF30408F7F40F
F8EFF8FD00FDF4040CFAF5100B020DED
03FED5DB0709F0DAFD0BE0E9F1EFE90B
F4F408F9FE0AFAEC1FF6E8FD0AE2F2E7
D822F904ED13FFF7F00AF6FEFCF7F5FF
F31901E3091CFBEAEF17F4F5F21B06E4
FA18FE0B0008F6000210FCFEF61306F1
11F8060110FF040411060606FB09FD04
F4FCFFFEF4F2090A0804F21614FF0000
0701EDE219FFF1E3F9F8E4EC03ECFD02
01FFFE040C10E0191403EE0811E9ECE8
E620E8FDFB1502EB080605FE07F4F809
FE13FDEDF114F9F4ED0F0FF4E71703EA
FB0DF70FEA1EED06E91EF2F4F407F4F1
06FB051D0D02FE060A13F40CFC04ED0E
FD02040400F5FC02F6ED0D0909EE0410
06FEE7E81000F3EBFCF9E1E208EEF2E6
0A04FE0B12FCE20F0DEFF7EEF9F301E1
F222F713FC0705FA0000F60202050A08
DA0101E6CBFC15F3F40B06EDE1F8FA00
E808ECF5E715EBECD818E2F1DA07F0F1
FAE7FE1607E9FD1205F4F206E8FFE9FE
F4F805F2F3FD04F001F0FD01F4F2FD04
230EF9EF1618FEE60805F3E6FBEFF5DF
0AFBF908F6EFFEFC03F6F8F407EF06FC
F1E6160808F809F2FEF9FAFBF9FAFA0A
05E8F5E5EFE1FEF0E0E41203EDEB1401
FAF3F403F102F4E8F6F7E9F1FEE9F4E4
FBFDFB0DFCF5FB1902E9F60E07FBFBFB
FFFDFEE60101F1EA00F416E8FAEE0F14
24F4F1E921F3FDFF21EFFBEA150001E5
08F50AF8FE050BF3FF0102E5080F07FB
F6F71010080DF406FB06FCFFF90007F9
F6D7F3F7FAF0FB01FBF303FEE5DCFF0C
03F2F40A06E3000115D907F2FFDA0ADB
F2ED04F5F4ED07E419DDEF0908F10C07
16F707F7F2E8FFE6F1F006E2EFF303F3
01FEF4FA05F1EC0A0EE8E8F317FD05E4
090709FCF10AF5F60A0CF405F60C05FD
0A07FCF90103F701F6FC02F80005F6F8
E0F106EFFA05E9F60D1DE8F70D08E1F8
F3F400F708DC12E207E4FCDDFCF406DE
F0F412E2F8F812D5F9ED05E80808EEFD
FFFA16EEF7F119E6EDE807E9EF0117E7
1204F1FDFDF2ECF902F2EBFB0FF606E7
0AFCF5FE000BF6080005FE0C0B01F710
F70AFEF9F60AFE00F5F707FAFEF80BFF
E1020DF2F90F0EF0EDF22003F6FE160A
E903FF09F20D2506020308EEE20420FB
D6F910EEC20805E5D2F81403DD02F0FD
17FCF3EBF4F909F9F00409F9E2FEFDF9
F301000AFDEDF8FBF4F6E4F014F9E6F7
09FBF501FFFFF7F60BFAF7080004080B
01F906FF0503FEFD03F5F9FDFB06F508
0202FFFCF504F6FFFE0206F7FAF8F701
FFFBF809F807F80804FFF507FDF7FF08
0BF802F702FB0912F9FD0D090A0A0D01
03FCFF03FB0003F6FFF904F7F9F607FE
F8FC05FF060203FF040B0800F9000703
F7FDFD08FD03FC08F708040407050A0A
FEFA070906F8040309FDFA0200090003
FBF912F9F5FA08040709FDFB05FB09FC
FDFC0AEC07F516EAFDF70EF4FF080808
F7062AE1FFF214FB05FC13EA01F40CE3
07050EE4050422EAFC0809F6F80913FF
F90A03070506000407F50DEEFE0A12F1
05FD00F80305F50405FFF8FA00F70AF9
02FFF902F7FDFAFBFB09F80802F60906
FC0918F9F8101CF607F409F9F7FB14F1
01FD2102FEF810FAF4FE11F605070B03
00F7360104EE210303E90A09F8F10E1A
FD0730F008022F0005F7250C06FF2E02
0AED00F6F9E30EF4F6EC16F104EF1EF7
FF0A07FEF7F7F60B03F7050707F70D07
F60C0614FEFC060701FE020BFDF7FC03
000801140B06020704F7F0FD030E06F9
02DD020A06F3FF0FFC040C17F603FC16
F7E7081408D5030508DC1D1002D0081C
F6020FF604E220F405D20DFF05CB0D12
F7F402E6F81211E9FFFA03F201EAFAF9
FEFD03FB0016EAFBF804F7FEFDEBF702
02FEF810FC01171709FAF8FA04FD0802
01F9FE14FAF3E911FBF0E4F401EFE1F9
F8DDFF2403C6FB2E03DCF22CF6F1E91D
F7E3191C02E6081804EDFD2506EBF724
03DE0A07F5FE141206F2111001DF0F10
07FEF5EBFB03FFE5FF01F7EE00F0FE04
07FB0905001A0BFEF90BF60EFBFEF41A
FAF9F31D021613080506F504FFF9FFF5
0900EE14FAFEDF07FD00D2FFFAEFF017
F5020D15FDE8F626F8F5DE01FB02EDFE
020508FEFCF3FA0100040211FE0C0313
09E2F80602FE121506EEFE1D07F6F919
0D00FBF2F909F70206F9000701FBF70C
060A06F8081D1808001F0D000DFEF0F1
F806E401F6180200F8F1FC07F605FF07
F605EE04FC18ED070216C2FCFA0BD912
F809220CFFFA0609FEFCFC0B0712FC09
F9030D00000520FEFB091A0CF5131609
0318F601F60BFD02FF0CF8FB010712F7
0016F303FA02E8F2FC18D3040902E6FE
070B10FE0818F9F8FE2BF6FF040FF0F6
021FFB02021803EEFCF9EF00F9FEFEF5
0A05EAF90007E4FCFC08D8FAF908D012
000619FF03FD0700FD1407F3FF00FA09
F4030CF8FEFF18FC00FD1CF8FF121BFF
F808D9000421E6EEF719DEFC010802FC
000EECF90A16ECFCF929F00FFA1ED4F8
00F81206FE0BF7FF0613EDFBFEFDF3DB
0A19EA0FFC21EA03F71CFAF9FBF7FEED
F505F9F50808FF03F9FBE7060006D706
F40711F8F5FB0F010704FEF9FF0D0AFB
04FCF2F6070D0FFEFBFC1904F5060FF5
0605F2FEF40EF1000711FCE9FF0200EB
F803DF000609E6FAF30DF0FF0307E4FE
F8080A08F9FB04FCFF09F103F90FFDEC
F904F000F810F4FD0916F7F0F6FEEFEE
FA0EFF03020C0F0AFE07010F0913DAEF
FD070EF809F71AF9F8F915F004FD15F3
FB04FAFFF613F3F7FB0EF200FF09F203
F6F501160102FB08F80CF70607FCF214
FDF1F1F1FCF8DBF806F9F5FCFFEDF0FB
0B0C00090402FC0F010DF207F703F7E8
06FEE206FC11FCFEF914F2F3060C02FE
02151101F6241706FC18F206F511E30C
F41306F9FA0202F7F51002E7030F19E9
080FFBFEFF0D0209F217FB000108F710
FFF91612FFF9160EF7FD0E05FC07040A
09E3FDE308E5E2D1F3F7F6F5FCF902FC
F60EFE03FDFF071C05FBFC0202ECFCEB
0A09E80BF903E3F500FFF0F00010EBEC
F91E0BE2001716EE001A05F90213F201
0118ED000915F7E8FA1008E1F70A09DD
060902FEF70901FE0215FFF80717F10D
FC03080AFE0B1C16F7010C06FC020109
FDE207F3F6ECF4D904F4FEE105FE11EE
020D0A0D06040A0B0BFE13070AD312FC
03F5F60A0505E106F90AFAF4F701F8F2
FB1A08DBFAF7FFDE030EFCEDFA0603F5
F8070506030102F7FA0A0BE7F51B00D4
FFF2EE0605E606FC04EE13F9FFFC0504
FEFAF81309FDF905FCF7191204EEF9FC
FAD702E906DFF2D9FBE701E6F8E800FC
0101FF06FDF6F508060001EEFDD60D01
09F504FE0A18E1F00317EDFB05F90810
05FE0FEB0904FFE3FC04ECE408FBF4E6
F4F708F7F9FC04E7F40B0FF0F804F9EB
09DFF50BFAD9F70D02DAF418F9CDF604
F9EBFFF902F5EF03FB02F20AF7F8F009
F5DEFFEFFBE308F300F4FBEA02E400F7
FB100F070000ECFBFCE4F8F5FCD61404
0600F109F60BDEF6000CFE0A01020C00
09E8F7ED03F708E0FAE7E7CCFCE6FDEF
F8D900EBF5E0FFEBFBE707F402F90BEF
04EBEF0202EEEC1D08D3F70EFBBFEAF1
0100F6EA02F1FDFD04F5F2FFFBF2F70B
04080003FAFE0AF3FAEE0BF802F502E2
03061702FB0A000C06F50F0E02E0F0F3
0203EBFDF8F4E70EF7F802FE03FCFD09
F5D5FCE0F6E7FDF7F6E4F4E506E3F7FA
06CFF4E002CAFDDA04D8FCE0F8D207E3
F509F608F4F00A16FFE60205F6D1F5DD
03F6E7FDFAF1F7EC0601FEF5F400FE0A
FC03F208FF08DFF5FCFAFEF600F6FAF1
05FE0F04F501050D00F90210F6FDF614
08EBE910F7FBEF15FAF7020AFD1002F1
03CDF5EE08E0F3FFFADDFEFCF5D4F008
01EF09CBF8D8FED502D6F7E502DEEFE3
F917F00802F3FAFAFFEC00FAF5F2FEDF
F9F6F1FF00EDF7F50404F7FCFD04F7F6
F50CFF10F507F017F5F2061B05F4F50B
FAFC0C0706FE0B26FA011A18F9EB0717
00FAFA2503EFEE0A06F80610FD0AFDF9
F5F1E80301D0F20505E9FA0AFFE2FC1C
FB020ACC02000BE4FBF2EDE9FBEFF6F9
F51AF705040DF407060001F0FEE909D0
06E8F20F0104E7050802EE090611FAFA
05FBEE13FE02FD0CFFF8FC0AF4FC03FA
090105090911000DFF1C2011F607FA0D
04FDD62308FCE411FDF8F903FB0702FA
00FCE1FF0AE5E42302E2E1130104E41B
F9F4FD02F5FC030005FC0AF3FD00ED01
F417F919F910F30BFE13FBF9090901EF
FBE0F2000203F509FA00E912FD09E60D
0601F514FBFAF01001F601040301EF0F
060313220719FB0BF8F2141DF800F918
05ECE722FAFCF7FCFD0D0CF105080007
0305EE05F5E7E0110AF2D81FF806EC18
F808FE1605000E13000E0607FD0B0002
0617FC1AFD10F317F6140211F70208F6
00F5F911F8F0F001FC00FBFFF305050F
01010C0E01030BFBFAF40C14F8FFFD0C
FBFEFB04FD111E1CF9EA2206FBFD0DF1
FEFEF325F6050D0E01F2F905FDFD0305
F7EEE31BFD05FE1B0009F220F507FE04
F301110908061704000201140002F711
05030C12000008FD0002190CF80D1AF7
F6F41A07F8F0140E08FD0F0B04F5FD0B
0706200DFB072612FA01180801F31904
F5F6FD00001A06020A031EFB07061504
F4FB091707030025FB04FE0A04FB100B
04F70B1107EAFE10FEEE0408060CFB0C
07050BFE071113FD0708051201F3FC0B
FE040F0BF41415FBF4081602030B0BFA
FAF7181AF8001D12FD040B0EFF0C0D06
FC1B1A1804011908F9061100F9002615
F60600F6F8ED2509F9FF0F0DF5242712
F8F40E21FE100F22F906FAFE07040F0B
03080C0004FF1907FDFA0FFE02091610
FEF310FAFEF70FFCF31103F7FFFC16FF
F41B0AEEF9150DF502091702FD0C0EFF
07FDF90E04F3170EF7050611FE100AED
FD0B182A05F00F0EF9F50918FD011509
FA030306FBEE010208F9191708141425
08ED0D2A00ECF5130BFF0BFA04FA01F7
061C0DF9FE1C0AFAF9161C01F90E0214
F402FC0B08010506FD06FB07F7090F11
FF0A0D02F60B110BFB03050AF9FD0505
02FD0E0801F80513F7FB111605FC1116
0A0B1A2800F5101402F509FFFEF60B04
09070604030709FB090B1614FF132020
0502ED03F509FB010A0AFF0308FE02F9
06FFF9F0FC0FF3EEF81A03EBF50CF4F9
030903FAF606FF0007FAF70703FCECEF
FE050C08F5F5FD14FEFDFDF6FC05FE03
030812F600F41F13FFEF13FD08FA1006
0814130305EA050E07F503FF04010AEC
FCF70403FAF61002F60D101807251313
FF1800EA05EC0C0809F705FF08FEFF0B
0306ECDDFB02E4E100F5E4F2031AEDE8
FE02F4F505E5F804FD00E7FDFDFEE4F6
060503ECF60F0304F8FD090DF700F1F2
0A091CE3FB0616F80AF91CE1F4030FEE
FFFCFF07F5F7F9FEFC0D06F6060D1AF9
FDF9050501070D0EFA040709000517FD
0AF900FCFD00FFFA05FF04FE00FFFBFA
0101F1F1FCEDF8F7F9FAFCF902F40211
F7FA11F8F5FC0AFA0605F8E9F80BF0FA
060C0ADE021A06D7FE2000C8FEFA09DC
061D0AFDF9000BF107F81AEF07F70DEA
F7FE15EEFE02040305181304061819EA
0002F808F6090808F709FAF406FAFE07
05F90BF909010A060403FB02F9F904FD
0408F6F5001DF8F00520F804070EF704
0318FAD00521DADB0A0BEAF10118ECFA
03F80FD2080FF2F1FB21E9CEF60902C9
FC160FF8021C18E70A2906D9FBF609E0
FFFDF308FAF7E50D0B01E302FC14F3F4
F80A0208FF0502F5070402FB05010804
FAF9FEF5020806F8FFFCFFF6FA08F8FB
02FDF6F5F8FDFE0904F80206FFFAFFF9
01F8FC00F5FFFDF8FD030BFEFC0A0000
0906F8FA1002F6090114F402FE040005
FA01FDF606020907FEFDFF0AFC0B01F5
FCF60300FF0B0801F8F6F7F8FF040A07
020001F5FEFAF60004F907FD02FD06F5
0B0B020308FE070BF8F808FB03F8F8F9
070DF6FF07F8F6F6080303F6F502F9F8
1418F8FE0329E1FA04FAF8F9FB06F4FF
18F5E40105F80DF90811F5040E10E3FA
F80DF3F1EAFDF2E30EEFF50C0EEDEE0D
FD09F4FCF2FE03F0FB16FAF5EA16F4FD
0605FE0907FBFD00FC01FDF8FC04FFFE
FAFDF9150103F600F502FE00F70406F7
FF18F3000D10ECF70409F2030919EE07
FA0EE4EEFA14E2F50311E0E8EF1BEFF2
00F1D7E107F7F4DF121300E60D19E6DD
1417F9F2F7F909E5EED0ECE90FD8E1DE
090904EC171202DA161A01E31B26F0E8
09FEF808FC04F9FE0A100602100B060B
0219EE0F0C020B0806FF0501F8F7F808
E409DBFBEA04EFED0300F204ED0DDE07
0F18D6F0F51DDEEDFA20DBE8E615C4EA
02D3DAFD14E1FF0719EBD8F309FCDADB
D52FDCE0E5FEE1DA00E6D2E212C8DBE3
0A1702FD082200F5FF2DE1EBEB2DDFE8
F605FB01FAF403FCF2EB091D0404F40A
E50AFEF70902FEFF02F801FEFA0A0809
F61CF4F8FDFCF3EEF705F2E8060DFDE5
0605FC0DE829E7EA061ED6F7F920F9EC
17C5000009D8F50906DE070406000C11
FC2ACCEDF5FDD4F715F2E4EF18D9E7E5
FA14F6F8020FCF02F227CBF70433CDF0
1301FF020CF60013E3F40513F7F90811
FDF5ED0107FEF8F0090001FAFBFB0AF9
F60F02FB0A0BF6F9021800EE10F9DBE7
FAF60228EB1B011AEC26EB0FF12607FD
22D9020711D6030B0BC60E12FBC8101F
0D23FD060A1DF30B0B05F3011CE2F5FF
FB09FCE40A08DCFB1013E8F5061DE204
07F7F80B06F40415FAFEF507F3FD08F6
05EB000DF6F9051B040A09F9F9F8FCFB
F022FA07FA1803F7FB21F3FCFF09F204
F7EB0E15F208061DEC20FD13EC1C081E
0AEB0C1F02AB0311F9B00F08FAD0070E
F421EC0E0A28F12412130412180FFC1F
03EAD6F813F4E3070403F2160211E601
0F00F700F211F013F8030303F8FFF204
FA001416F3060B200302ECEBF60608FA
FD25110FFD17FE0EF71BF5E80D0707FD
06E20106060BFC0D04100F1BEA21061F
11FB021A01D00600F2B00E130ED201FB
FA1AEC04061D0419142DF80E0C22FD1B
0EDBF70505EAEA090109FB06F802F507
0FEEFB12FC10F405FBFFF30409EBD900
13070109FA030C0E0F090917FE0FFA0D
030F0C1A0018091BEC1BF9F3FB0B0CE4
00EA07FD140802090F1F0719FB200F1A
10F902FEFFDE0206F8BEF1FEF5C5FB10
01F9F71007130E1B0D2AFC0D0D180310
15E2F9190EE4FF0707EB000BF6F6F40C
02F8F909FAFAF513EF0DDD07FCD9F91E
0C010B20F6FD06FCFF1311FE040A0A00
01080AFFFA030A12F90D1002022424F0
E4F60E070B1E0DFB012B040A0A2508FF
090A04F2FAD1050AECCAF30AE0D6F907
02EDFB03EFFC0909FB14060B0217FCF8
0DF6F11E05EC01070EEF030404E6030C
F50AF2F7FFFEF310FA06D01010FAE616
1BF8010F03FBFB1409230DF5FC09110B
0605190C0401091205F90D1DFC110D0E
E807FD04F42C060309320507041E0502
0C0210F714E20E1002D2EFFAEFD8EA04
F0EA0202F5F3FC0AFE06F7FC090D1402
13FFEA221AFB0F0811F7080CFE0404FD
0500F3050200E315DE10ED11FB1DC709
FD01FB14F6271A050A061A1AF6051304
0BF80F16FAFD0F1EF3FD0A02F8F90F0F
F5091011E81AFAFFFC3AFFFA04151209
0E1209FA1C090B0607ED000DF4E7FDFF
F20103FFFE0B060AF4071303001A0E04
0412FA1E0308210A0E060D0F10FE1603
F005F70E1BF2EB33040BDF1D1311B12C
FC030A16F627161007040906FF091104
FF0E0805FDF9020AF5F10115F4080B1A
FEF9FC05EF12F9EFF11708FBF31408FA
091414031AF8FBFB08F0F50E00F7FBFF
FFF00319FAEE0A0C0F04030BFE0D0EEE
0A040005110E06101A0D1813FD0E1112
FCF0FF0CFA09FE11F419E20A1A19E206
01030C18012A2312091E101005F5FBF0
EE060CFCFA0309FDFE060708FAFA2105
04F80D0506FA0CF7080FFEFEFA0E06FB
070EFAFE060901071EF1E20104EAEF0F
FEFF0911FDFBF706F60908EB050710FD
0A09E0FA00091303060017FB0600120F
18F3FE100EEBFB1E170DDD140708DD01
F408040BF6151001F1170C020606F404
00050AF506FCFFFC0B0B0306F2EF120F
1BF2FB031D0409F7050DFBEF0A0803E8
F81BEDFBF80BF9FD04EEF0F607E8F5FF
F3FC200A00F3060806F114EF010504F4
F212060DF90C08FB0AEF1204F006200A
12F3050C2AEEF80F1DF2EE150D04DEFB
F7FB0DFF070DF1F7EEFBFC010607F002
0111FDFDF8040C00FD08FAF6F7FC0B09
0BF803F10EFD0400110706F7110AFDFF
F004F8010205E5F1FD01FBEFF6F1E9E3
F8F919F6FAF81308F7F71604FC0017EC
FD0FF809050F060FF9FD0704FFFB2403
19FDFC0A171CF40518FE010310F6E90C
0400F2FE0A10F6E4F50504F3FB050803
0B020F0802091103FA12FFF2030A170C
10F2F6EB1EF502F31D0402F71F0A1201
FE090CF1EC07F9F6E6FEE0F1FAEFFDF2
FC0C12EAFDFA19F9FDF0250BF4FA0F02
FDF9FF03080A040F0110FC03F50B18FC
21F0F9103400ED172014E4EF0E0AF9F2
FAF6ECF50C09EBE5F41104FFF9040101
130605FD0104110EF90CF6F50B0C0001
07F5FBF92CF009F137FDF41318FDFF15
FDFA2501F70101FFF9F2D9F8F0F4DFEC
FFFD00EAF2F51BEFEEF11309F10D1908
1510F2F710090704FF03EEFDFEFEFD01
15FCF7090501F2071D17DCF2031AE105
02F1DFD710110AEF0504F8EEFB09100D
10F60A1301FAFD160B12FB1411FA04F9
E1EEE9F90AFEF7F42908F9F925060E0F
04F524F8F1FE0B04EA05D9F9DCF4D0F2
FBEE0CEF03020DF0EDEE1CFAEFFE1CFF
1A09CFFE0A0EF9F6FD0DF7F5040E0400
0BF612FA04F90010341DF1E90E1BD20A
F903E8E8F6EC05080F02181BF80606FD
15F108FD1304FB0303ECEE0805EA00F7
D5F3D0F3FFFAE0EF2504ECFC2A02050A
FEF628F9F70913FEEBF6E508D8F9CBF9
00F20AF30100FEEEFA0009F602F40F00
1910EC0820F2E1FF0E14E0FD0505FCFA
09FC070A0DDBF20F0E0F11E6F51BF2F2
13FBE7ED06F2F90C11F9EE0F09FB0B05
25FCF40F06F4FD0B05E8FC1024EBFAFA
DB01E3FAFE09E20622F5E9FF17FAF91E
FC0514FE010219EEF305FC05F102D7FA
F8F7FE010806F5F6EE0DF6EBEBFA0CE2
07F8FC060F12E9FF1506E3FD0609E504
FF00F80414EB0BFC060223F8ED080E01
28F2D4FF22E6F1FC130BF903100F0803
1C03E81B23F9F51B03000712150EF509
E9FBF0020601F002180FE90117FEF3FF
F40D09F4F40C1BEEF70C09EFEF0706F3
F20AEBE7F60203F4F61003F3F6FA07EA
FAFCEB060B10F5FCFC23FBF2031CFEE6
0805F8FA0FF7E81BF7FB240BF00B1200
25E5E60E12FDE106FFFD0A01080BFCF4
1A04E6282810F5131B1AED0B050BF3FF
FD06F1FE15FBF81217FEFA090D06F214
F40D10F5F8030BF2F6091D06F7051010
FA0CFFFEF2FC02FEFB11F500FD0404EE
E8F8001A060BEDF8FE16F4EAF806FEE7
FAFF06F7F7FFE7F600041FFDE7F80E0E
19F4E6FB19EFD9F5FB03FC04F5F90504
1302D60313FAF60603F6090CF514F607
03E5F00F0D05F00A1803E00F1411DE16
F10609F1EDFB12F9FD0515030BF30D0C
F5FC06FD0401FBFAF3010401060EFD02
F401F821FDFEF508061102FBFD01F6F1
0208FB01F113ECFA04FB140CDDF00713
00030BFB05FF12060B060BFBFD080603
F7DFD80EF5E7D412F3EAF502F40108FD
0305FF030BF2F60809FBE8F901EBD115
F2000A0DE9FEF50EF40EFC160408000D
F70C090DF60EF504F201F5EDF4F5FC19
F1F6020FEBFCFFFBF70AFDF8F4F60F15
04F904FF06F6FAF012F4FDF9FAFBF00C
F50EF317FAF8F3F90B02050907FE0407
EAF8C50AF4F7CBF7CEFFEBF5D504F4FA
F5010C1601F4F718FDEFEFF0FCFFE2F7
0609FF1AEB060B18DE20FC10E6180306
E2F4FD1BE60F0201E513FB19EF000B2B
F918E6F9DF0EEBF3DC02040AD2EDFF16
0704F70005F605F7FDEB0D03F30FF405
00FFF8FC0A0A02F5FF0AF902F8FCFEF8
E400020BE0FDF1F8F2FBE1EDEDFAF2E9
EF02FB0FF9FE0505FAEC1A21F4F60F18
E0F40C0AE8F12630EB01142DEFFD071B
FBFA1D1EF60A1B21F3FD1D1FF3F31C22
FCFB120CEF020C19DAFC0D25D5FE0829
FF04060501F6080707070CF5F1F2000C
05FBFCF6F6F8F7080701F80304F6FF01
EBFF080BED060A05F1001209FC07FE06
03110D13F5161B18FA141608F9110E0F
FDEA0D1202F32129F7271711FE08FF14
F8F41613ECFC1D0DF3F5390EFBE81B12
F3171001F4021911E2081406F102100A
FC010007FCF5FBF9F901F70A0A06050A
0B0002F6FA02F900F8070AFC06FAFFFC
08FE08FF040203F801FE0009FC0AF6FE
0901F80300FAF50B05FE06090B070A01
FAF9F6F812F6F80413FC0114FCFFFE01
090A070800FD03020B0A07FC0AFA020A
F50903FB0AFBFEFAF8F8070205FEF50B
00F60206FCF60600FA0A08F7F8FBFF0A
0503F70100F503F9F60807FE0102F604
01EFFB07FFFD00F6F604070108FC070B
E3F3F30EEAECF011FBF9FD03FA07F9F7
07EFFD150410FD0A0200ED2DE4F0ED1C
EBF9FA1EE8E6EB2CFCEFF31C09F0F305
F7FFE80FFCEEF313ECF0E70AEBE0ED23
07F6F607030109FF03F8F5F7F80508FA
0909FF12FDFD060900FCFC06FD0800FC
F8F8EEFCE801F003FC00FF1C04EE030F
F812F7FCED040601FD02F2E9F300F4ED
F41A02110EF0EAFF04E0EF0A0EFCEFFB
0611F5350301F811F415F00F0312020A
FDF5F21FF4F1EC35FC00E04D09FEE434
F5F9F9FE0307FEFD040AF205F5F9EE02
09F2031F11070B0DF7FAFDFA0603F9F6
F0FCE8F8E106F3FEE413EDFEFCF0F718
E6FE06F5EAE5F9D7D7E5F9DFF5F1E3DC
030FE9E3F80BF201E508F0FAEFFD02F2
0700F50F0BE9F3010B00FFFAF30BFBF5
0B0AF6FEF5F9F1F2FAEDF30402F8FFFE
0900FAFD0309EEF7FDFDEBED0008E1FB
0C0A150716170A190A0C09FD07FC0307
F8F7FFE3EEFDFDE9F4F8F9F6FE12FFF7
F5F00907F3FCF5E2D3FDF9C8F0F9FEE1
EB07FEFED9120209CF05021BDCF204FD
120501090B030D0A0512F304051307FA
EFEAF8E906F9F4DFEEFEF7E30403FA02
ECFBF3F5F6090AE5E80004E3EFFFFCEB
F40F17F40817081702FFF80801FA0201
F3090CE1FF0A09DF130FFBED0CFC02FC
D4E3FFEDE6DCF902F8F4EDBFEDF106D5
0A01FF030400FAF5FA060403ED0424FD
0510FBFC09070A08021105FF0C0D00F8
05EAFCEEFDE202D20DF602D2FC01FFDD
F6F9F7F8F5F9F2EFF90219F4EA060FF5
161112F2FCFEF7F8130906F60908F701
FBF9FFE3F80B0AD10506EACD030FEBE8
FBFB09E007F903D7EFF503D0F3F50ECF
14F4F11314F809040EF603F6FAF20CF4
1B0EF8E51D160AFE2917100E1805FD0E
FCE1FEF200E6FAE60A0506DF14FE0CD7
FC09F2F10201F9E5F30B05E8E6DD03F7
062323F5ECFC06EF1D0F05F609F5FCFE
F30704D5F71102DEE812E9E4EA1902DF
02F9FDF30C0101C0FBF702B809EEFFE0
1DE9EF121AD6FC2008EAF60A12030501
15260CF1181704F11612F80210F70007
03CFFEEFFED606F50CE709E9170710E9
0CF7E7EFF5F7F9EDE806FEDEEAE1F0D5
00230CF3FA0C04EF0304F3EBE3F40005
090707C3F90410D6E92408E6E52413E3
1AF1F4EB0707F4ED1005F9D00FF8F6CB
0CEA020C0EDBFA1703E4F11714ECE909
18180AE71C2704E40F27FCE3FF0EF9F5
05D4FCE523DE03F509E801F710060DE4
15F3F8DF04F406EEDC060ECADBDCFACA
FF1317F5FD07FDFA131F06F2FD08FEF2
100008D1FD0D1BDEF0221FE4F91F0FED
12F9F1F717EAF60712F4EDDA1500F3D2
04061021E0E91425ECE10A0CF4EEF50F
290F0FEE090F0AE605260BDDFD1CFEF8
FDE6FEE818E3FBE610EE00EA14FD0AED
14EB090204ED05F3EBF4FDE6EAD8F5D0
FD160EFEF61AF6000E1813EAFA0403ED
F20400D8070F11DAE90710EFEE1007F1
EAF80008E903FA0203FEFCF7FEEE00DE
E814190BD20C0F19C7FD0210DCEA1B10
1A0C14EA0F1CFEE3F92508ECF72610FA
00EAF8FC07CDF1E312D0F4D71BE30AE4
1A0B24FCF60307F1F4FB08EAEBEEF1ED
FE2019F2F1FF2215F51307FC0D0907F7
E6F70CE2E9F0FED9E6FD14E2F6040DEB
D5ED1314DFF6100FEDF607F7EE05FEEB
FA120B03DA210D04CD000B17C1F0150A
10F210FB21FF0702151416FD070913F8
02F9FDF414C9F2ED14C9F5F829E709E9
EBF521F1E91509D905FFF7CAD80609CD
0B061FFDF41A2603FC161105FCFF01FD
E3F9FEDFF1F1F8D5E40608E6F8F812EF
E1FD0517F7050E10E5020000E10107E8
0A1A2413FD161304CB1DFE14DC0E0A12
10E90EF116E415031304160517FE1B09
F51501F0FCE9F5F208EEFEF31DE004F9
FEF226F9E70C0EDAEFF504D4C622FCC5
F90111FE051620F20511090AF8FC020B
EAEEFEE3E6F1F5CBEDF5FFDBF1EA08F4
F5020D08F1FA0D16FAF6030EFFF4FFE4
081727FF131C180EF417020BEB0FF612
09F20EFA12F3080B140009120D001009
D506FCE6EDF515F400020701FCFA13FA
F50F04F4F4101DE6E01011CDDD03F9C6
FD0120FF110E00FC100CF908F608F3FA
02F1F0E6F4ECECC8FBFDF6E2F6E30909
F3FDF610FEF2F21B01F7F80FFFFCF5F8
1F1416FC102024FE060C1109FF06FF08
F8010FFF01F208031E060BFB1CFA0C06
D7FA00F3DE0002EFEA0C05F4000A0907
0908FEFB210EFC00F6192802DEF0EAF0
F4FF21F30D1CFD080207FBFAF1FD03F9
FBFCF8D3F9FFEACAFDECE6E209F50A0B
08FA050FFCF6FF1CF7E90C0AFEF905F5
140B12FC09202A060014160D05050519
FF0D0606060CF6F106F21D0413FF0F06
F10D00F0FF1615F8F5130008EE0B00FA
FA06F9FC101902F80E12FA0CE2F7F602
F008050D0B20FB0C1A160300F60BFA05
F20009D6010B0FBC10FBE9EF14FAF905
F908FF2CF8EA0C1F06F1F818F0F7FD0F
0C091CF7FC0F29FD0316230B011C0E08
F80FEC030001F1F80EFEF9F0F8F31710
F5000EF3FA0900F9F5120401F60DF503
FB05F9F900140FF7F900FDFDE80B0007
FAFDF90AFE180F05040EFC0E0BF906F6
EF0B00DFECFB00D60DF5F0F8F701F706
0AFD0304FCF5EB2505F7FA10F6FE0C00
03FAFE05030F041B061C1A1501150107
F3F8F40DEC01E403F0FEEEE6F704FBF2
E21609F6F2FDF6F308130CFEFFFCF4F8
FBF0FAF7EE1209FADDFDF4F3EB1EFE07
FF0103F9FE2E23FF191409010DF409F8
F711F5DCF20709E301FD0DEEEEF7FCFB
01F7DFF302F2DC07F401E81401F9FBF9
01F6E6FAFCFDEF19031A0317FA0EF305
07F6E9FAF3F2E804FE02EEF0F602E9D5
EB04FFFAF00C02DC09080108FF07FFFB
10F9FE08E50513FDD4F8F2F6E11803F2
EE1903F404F4EBFC14EDF9E8FCFFF801
08FDF3EF030502F4F502FD08010C060D
F9EAE2050001E6100102E70705F0F4ED
01FAE8F3EDFCE90A08F4EB0804E8EB0D
09F2FA0504F3E70800FDEBD701F9F7DB
E7F9F811FD0205EFFD0B0107F21408F5
14F60A0BE3F806FB0407FF03F0F6F212
FC1AFCFAF5FAFF0316F9F8F4F704FBFE
110E00E704130407FFF9FEFC0B1B0EF7
00F3F513F6EAEAECF10102ECF9F6F9EC
FC07FAF304FEF71702F9EF08FFF6F31A
0403000002FA050A01FD02EDFCFDFAF7
DBFAFB02EAFF0906E00C0808FA0CFAFF
0304010CFAFF110C01FCFD0BF9FB030B
0017EAFEFE10020803FF0707F9FBFF0D
0116FDD5FD04FEF1F2F7FC02FFF107F4
F5ED05F7F80101ECF8EDFEE5FC0DFBE2
00FE00F401080004FFF50101F7FEFC15
0401080802FE0505F90B01E2090305EE
E7EFFF11E2EBFF0EEAFC0F1BF2010810
06FFF6FCF3EBF808F4EA06F4F3EE090B
FA1A00F4F80516F50C020A0B0707F70C
070001DCFE080EF50302FFF905FEF908
F1FD00E203F10BE9F7F303E6F40B12F6
F3FCFE01060203F30301F8FEFAF2FCF9
F806FE1CFF030B0BF5FEFCFFFA05F2FD
ECDFF00CF0F6FA00F103FD1FF7000C18
040802FEF2FCE916FFF0010AFBEA0C03
FC2400FE1A0CFD08FA0606FCF8F604F6
0D1719E4010103ECFB01F8EAEC01F1FD
01060EFCF6080FE0F8FFF8F206FA06DB
F604F6F6EF03FDF9020D0EEEF60207F5
F717FE07EA130A1AF302E91BFAEDE809
FDE303FA0CED0F07F108141A0414070D
02F6FAF7FBF70B0BFAF60E0212EAFE08
0B12DBF5080FFE01FBFFFF020104F808
FF0615E0FC1A17E111FB0AF42B130900
F901FAEC01F2F1FC1307F9E807FB0BEE
F6FEFCF7E714F7E9EC05EEECFA03F6E8
05F31004F300F217F0F9EB09FD03F0F9
18E108160EFA06F90BFF0C1504FB0B00
0809F507F40A0D09F601090FFEDFF614
0BFAF5F70100040203FB08FE0709FFF7
1C12FC0712160BF6150326051C052B02
03F4F1EE1D06F6F824060C042EFC0016
E9EC00FCF1F9080001FFFAFB1BFCF306
04F1FC06F4FD0008F1FAF6FDE4E9F9F4
07FAED02F5E1E5FA0DD9EEF511E7F1FE
060703FDF1FDFBFEFF02050B01E8E5FD
0AFAFE0C04060AF8F701070504090603
33E1242C0FF71E1E09091804F3F92910
20EAEAFF3BDB0D103FDC1F123FE91211
05DA160112D721FB20EF04F80EE7F007
1AF1010910F0070119EA151230DB0F06
FAE80A03FBE208F722E101021AE2F8FC
FA01FF09FD08FEF804FA0005FBEFFF00
09FFFDFE0802F705FE03FAFF06080509
0DFD030B12F20F150C0800010AFFF801
04EFF62627F0002807E6FE0806F60010
13EA290E0ED71D2803F5030606E7F91A
09EF101B26EF081513F519161600241C
080219030AE819FE05EF1D10FFE51E07
F9FCFC0706FE01FEFDF5F7F60909FF00
0401F700F609F5030AF5F7FD06000607
0604FDFF08F702FE09FB060506FB0B04
FF070807FF02FE08FD06F703FAF80A02
FBFC02FFFD07060D000EFC01F2020C02
F6010AFD060803F9F50106FC0106FAFE
050B0802F6F80909FBFA040A00060AF8
0004F7F5FC0A030BF7FD090907FC0007
00FC070B030202FCFE0104F9FA0BFAFE
F0120CEBEC130CF9F91101FA00090608
0406100BEC1212F907030705FD0903FB
F1040FEEF5E614EFF60C17E9051420FF
F42422EFF61D270316180203080DE9F8
F8141BF0EA0B15E7EC070FE7EE2620F4
04FD020204F7F5F8FD02F60401FFF905
120AFEE8F80306FF070005FA0104FF09
0312FCFB03070C0FF00319FE0F1A08F5
F90BEB18FB0FF012FE0DFC27F7130311
E7FB120AE5FF0A18E9FE03040011F817
E3F6160FF215FF0EE4FD1B19D8092705
F312050CFE0C1A2411142C22F606120B
F5FDF9000507F90602F0020E06FB0510
0D0D05E5F0F015FB010302F900FEF6FF
E61E0F02EE23FBFB0B1CE606072408FD
1517DE17061FFCFF0018F200F21FF0F8
0A0F09141412FE0A0B1AF501F11EE900
EB0D07FDF51BFFF7F701F800FD050F08
111CF91DFC08FC06F504F415F01AFDED
FFF80709F7080305FB0209FBFB0FF518
DC011FEAF6E711FDFB0AFE0701F80509
0E0DF50E0CFD08030C0FFBFAFD0EFCF8
1319FC10011BF7150918EC0DFD0FF007
120E04F4150BF7F613FE04FD07FF0309
E7FBF7110209E50C0A03F205080FFF01
0E09FB070BFDF2FC05F3ED0EF707F004
0F18120F1C1712FC0605FE0704FEE50A
F31208F8E4061101FB00FA0BFE010306
02F4FE1500FAEC01FBF80104FF1A0702
111B00F30006F80F0400F619FAE9EC1A
08FA08F31AF8FBFA190A08F21504FFFB
0910E9F7FFFBF2FA00FFE4F205FBFDF9
EBEA0816F5E50800F2FDFB030303E408
0B19031017130A0910010805F9F10E0B
DF0C12F60009FFFEF108F00005F604FA
F3FFFE06E0EB05FBDBECF1FEF10005FD
0010F6F8000AE9F3FC0FE70B080AF70F
0CFB0EFD1A080CE9191606E40E0AFEF3
090AEFED1608FED51202F5EC150009ED
F7F509010CF10EFD04FD06F61108EEF1
0C15120C0308FD0AFB13FBF3EAF717F3
E4F406FE07F5FDFFD9FFF405F60A0501
E102E2FFFDF2E4F1D9F3F4FBEEFFFB03
FB10F0EFF908F5FEF502F8FEF208D805
0E1215F4F61314F002040BF4041005EA
1507FEEF0EFFF5E506FDE9F70C08FBFA
07F417EC06EAFE060D080AFB00F8FDFD
FF0B0906EEF0090F0B12F1FEFD05F5F4
F70106060BF6F4FDF0F10C0611FD0009
F9EEEA00F506E805EBEBFC06E70107F6
030EF3F006FAF6050AF4F51006FDFD12
FB08FDFEF6FD07F205FF12F900FA05FB
170FFDF01108EEEC04FAECF31514E5FC
F3EF0306F6F707EB050309EE0B0101FB
0313F6E707090205F7F20CEEF6FCF3F4
09FEF6FE06FCF1FDE1E5150EF1FC0209
F000F0F803FDF0EAEDEAF9FADE08E9E7
0304EDED0908EEF5FE09EAF600FB0100
000506F5EC030FFBF6FA1BE8F70A02ED
0913FBF909FB00EF0305E3F8FC0CEE00
04FCEFF602FAFEFC0FF508FA2402F9F8
F5FB07EAEB0304F2F20501F7FE0603FF
FE0DF5F9FBF9FC0DF0F312F4FC02070A
01F4E0090502DFF80501EEFEF306E5F5
040501ED0506E9ECFFFFEA02F802EA02
ECFEFDF90E13FBF6F5040DEA060400F8
050AF8F01009070306FFECF806FFFC01
100EF1F3090708FC08FAF9F30D0305F5
FDE61EEEF20103F5F2FF07040101F5FF
FA06FE00F0F30BFA03E7F41101F7FC04
1506E5FD1306EBEB04FFE8F8F2100DF2
06FD06FC0AF911F706120901140A02FF
FA11F402051502EA04120AEF040D0BF5
04FCF9EF0E0D08F7FC1305EFF406F9FB
0E11EDF10F0B00FE18FB0805040802FF
EFF709E4121E02EC0C0EEA03161DE5FB
0B0E0100F6FB1B0502EEFDFFF80202FF
1200F3F51803E2E20A09EADD0E0903F0
08FA200B05F70DED07000BF70AF9F8FD
F4080FF3F71BF7F11213010706F90B0E
190404F3FC0B0AEC010507F1F400FEF7
1413EAFA0FFEF9022004090B12F70E03
F7E011FCEC04FEE2EEFDF10117FDE802
0D0016FBE1DC1C13F1EF0107EEFC0F02
13FFE4FD1501F1E716FFF7E61F0AFBE0
1203150A0C080700040B0A020B0FF707
0C111701FD1A0BF5141905FB0E0CFA01
140714F8090308F504F50AEFF8070500
0F15EEF61409F4FC1803090A15FE19F4
11F3FF0F0AFBF3110A05F80EF900F5FC
FBFE0D01EBEA19F1FBFBFCF7F4FDFB07
180BE2081B0AE4FE12FBF9EB141004EC
1A0B0E08060712F70A0409071401F60C
FF120EF1000D15F90E17FDF90A08FD07
0DF423060E0615FFFFFFF6FDFF001006
ECF7F1FA0407EE090B15080213051702
0AEBF91E0DEBEE2D12F504280506E9F6
FFFFF9F3DDF708F508050BFCF7F2FB05
0908F001020BE0FE0D10ECF00B0DFAE7
0B08131711FE14FC0E0408090C02F30F
0D0C0BFFFFFF19FCF30617F70602F60F
1205110E13000A0E10F4FB1311FB0915
FA09F41811F2F6150302FC0D19180EFC
03F4F118FBECFD230F0BED200002E506
FDFE02ECECF90900FB0E0EFFFCFA0309
1AF4F20F0E07FDFE070705EC130FF5EC
13000C0D0CFD08130F04131210F8F806
FCE40E12FB020E0800F410090009FA0E
F8FDFB00010F020815F305090EF5051B
FD0FE80E000AF310F2F7FD0E02F9FD0F
10FEE20F1BEBEE2B1610E036E70CEB06
E911EFF8FDE80604050EF8F701F50B06
1804F40109FEF9FA01FAFAF101FEF404
0100051205080D1518010C0A1A030B11
01F8FC11FBEC0DFAF3F61A0B0B020E11
FD0EEC0100F9F70A0E0CF70514FBF40A
EE02F1F5F3FFEA08ECE8EF150607E30B
0E08E80001F0F40FF8F6E32CF3E1E7FB
F008EE09F7F81D00FF100AF8FDFF0B02
1015EA0C150CDFF60204E909FDFDE7F8
0E0DFF0D060F09FF0A000502130EF20B
0900F0FBFCF6090DFB04030B0C000306
0A0EED0400FA08FDFB11FB0107F6ED07
F3EDE8FBF4F2E9EFFDFC0005FBF6E2F7
FAE9021E04EB0C18EEF2F81BF2E0DF03
F7EFE703E4F801F8F0ECFEF906F90B08
0E0EFC04FB05E0F40005C60508EEE402
0807FE1B0E1B10000001F8F80F05EB0B
F405EDFAFCF200FCF50300F8FD0C07FF
0410F4E90008F40101FAF507F6FDEF00
F301EF03FFFFEAFAF802F6F4FEF8E9EC
08F10A1117F80C1FE4F60407E7F6F8FA
0401D6030AF5E20111F300F8FDF60005
0A0AFA0604EFFBE91E17E2000506E7FC
FEFC0C1711140211F915ECF60909FB04
E9FDF3FDF806F500F504F6F2F70415FE
EDFEF0F9F60EF8F1F3F8F107E600FCF8
E30AF4F9E300EBF502FFE9FAFB08F1F0
F0F7FB03FFF30401FE0DFDF2021501F9
12FDF1010D01F4030FF7F6FDFC020500
0709F8F312FEF2F908E4FCFA16ECED0B
1003FB0EFC0BFDFD0309F2FF08FE03F6
0207F003F506F4070B0AF1FE0610F20D
F4F6EC05EE06F5F70100F000ECFEF206
0703E4FCF00BED0EE303F008E40200FE
00F9F7F6FEE5FAFEEFFD08F900F5F2F1
0E03FF061904F8FD040AFCF7F9020EF9
1AF10BF815EC03E8F1E408FCF9F5F30C
0C00E0090C05F30109FFF5EF0EEE0CF9
01000AFCFF0B09F9010EFC091505F60F
EEFEF6FFEE0F04F8011207F0F205FE02
0407F0F00D0AE505FC00F2F7E703F4FC
0BF8FAFFE600FCFD0303FDF61001FCE6
0415E3EEFE0BEA050804F9FAFB050005
0CF3FDE905EC02E9EBF9F7F0EB06EE01
0B02F6F902FCF3F705EC05F00BF500FC
F20B0C07060B00F400F6FF020BF503F2
FB04F8F1F91305F3020114EDF1050AF9
1016F4EB1410F7F5080BEF000408FEF1
FFF7FCFEDDF115F0FF03FBEF0620FFDE
FB13E2F2EBFCFCF401F9F805F601FAF7
090918E80E0016E4060212EBF70BECF2
0B03EBF2FA0AFAF2F60DFC020C140CE1
0C100FF60106FDF8040DF3E71311F1F4
F4FEE5EE030705F6EAFD03F81215FFFD
1716FCF90504EFF90A0BEEF00C09F5E0
04070103FBFB020DF6E80A15F9FA090C
EEE7160C111400FDFE06040706000AF6
000815F9060EF6F00A1316EF01F01A0C
090BE7EC1212EDF3F10B10F9ED170FE5
FC0BE5030814FFEB020FE0EFF90CF2EB
0D1EF1E0041105EBFB13FB090405F304
F7FEFEF2E8FBFDEAF60DEAEE1321F6E2
08FC030204EF0508FDFBFB0BE4FC03F8
0F0304040BF80B040108FC03F9F50204
041828E50B1822F4230E13F11A170EF8
101DFEF4031D11F40D0415F50D111BF8
01030BF6222614ED1122FBE80E11F2E7
0A0417F70D1D18E50F2720E9071706EC
0B0BF408FFFA08F61A2218FB0D1922ED
F7FC0108FA03F6FBFF0504040304F307
FA0AF9000606FD0AFF09F8FE02080007
04081AF607F91DEDF0E31202FAE809F9
0D0406FCEC001AF6FBFC1EF012F716F4
121218FF101222FFF7F2FDF9120E0EEC
1A10FDF308120EF1FE020A0C13130EFE
F2EAFB0205FA1301EEF710FC06FD0E04
05FBF8F9000006030B0A040905FD0A0A
08F6F70B0905FEFEF903FB020AFD00FE
0901FE07FAF9F5FA080900FAF9FA09F8
06FE01010103FB07FAFD030600FAFEFF
04F7F8020AF50808FF10FFFB041105F4
080305FE0A0308F70200FAFBFC0606FD
03040008F803FA09F60B0306010AFDF7
0A0509F5F6FD0209FA01F801FEF90A05
FAFEF607FAFBF60B01FE0600FF08F500
010FF7F1F209FA02F8F8F5F4070C0906
0314F7EDE61AFAEE00FEF1F3FF01F3FE
F908F4EDE30312F0E83105F4F52BF3EC
DD1FEAE8E322EDF5FA0FFD060504ED00
F90FF2FBE808EDF9F014F9F1D71FF3ED
F8020907F50AFC09F9010901F805F70A
070DEAF8F90AFE0203FDFCFD00FEFFF6
EE0EF501FF16F2F8F30FF9F7FA24ECFF
F510E601E4FCF10C00FFF508FB03EE02
DFF2FA03F10AFA00F103FFEFF414DC0F
D905E7EAEE06F901E602EAF1E207D4F7
E81BF0E9F11DEBF1F402F4F6E0FEF1F6
020502FF000AFBFDFCEE0407FAFC0506
F719EC0A01FA030F01FC030904010BFC
F50B010FF10B02190C19F705FCFDEC00
100DF224E908FF09FA02DE14ED15E714
FB0DD6081810E701F60AF00AF7F7D627
DEF9010FD8E80208F4FBD9EEF2FBCDF8
FD1008F5EE0B100FDD0609F8F8F8FA0E
01FDFE06FF03F5EF0B03FE050001FAF6
F001FE1D0503040AFAF9FCF801090502
F6E4F71B02E209140A080B0DF80FF4ED
F1F30B1EECFB0012E3030417E7F41012
06FCFD04F101ED130110060210F80609
F107FA0BF5F0EC09EFEFEF00E7E8F307
07180BF1F70D1013EE080B04E10AE817
FC0CF2F3F6F90812F5001612F4091903
F2F3FE0CE712EF19F7FEFBFA090BF601
EFEA0622EFE22414FCF416F4F50802F8
FF020CEFF50903F9FE070002F9F3060A
F5E3030CF4EBFB04EEF9010CF0F61200
D510F200EBEC01FDD8E8F301E9E6FC0A
F91C0AFAF91C0618E70AFE0CDEFFEA10
F317F6F2E00B02FAEEFC1A04F10E05F9
0305FA0F08080DF6FAFFFE05F9FDFA09
12FBFD0A04EFF80CFC0101000412F30C
FDFF06E302FFF5FE0501F00910020701
FDD5020602DBF5FA01EC0DFCFC1013F9
E4F00001F8E9EBEB02E6E3F607D1DFF8
F71C1C19011C1C0E040B060EE7F8F5F6
FE09F3FD0AFCFC01E1F1FE0DEE1A0F02
0EFBF81615130601EFFF0708F9FAFCFC
E6FBE7F809E3E603F9FCDAF8FA07FC13
FA1811EEFF0110F3010603F4FF0401FE
01D802FDFBDBFEF009FE13FD081008F2
F8F70704000A01F40DFDE9F00ED4D5ED
02091D00F80C0D15F7EA0301E9E4FA06
000F0204F60D0A0503EA0909011B2605
FB120918121D180AEDF3FE11091AFBFB
F3FBFD05F5E8F4F7F2FCE5FAEB21F2FE
0E1104F7030B02FB08051B0515080005
FCDCFA01F7E1F7FF00FD150FF5180D0C
ECEDFF06FDFFF90CF10DF3FB01F0E5F7
F6F40F16EDF80F22E50111FFEFE3FC01
EEEC130EE6061007F7E512F8FDE709F9
060A000E041C071800051405FF060FF7
03FB0004FDE7FD08F6FBFA05FB17F5FE
071200FC1201FE0605F104FD05071107
04EEEDF7FDE7040B03F90FFF040B0B03
E8FB0C00F6F6FD000C0FFAFC07FCE7F7
F6FF2319F3F60C1ADB001203EE011104
0FF4FCF6EDD91114D2ED0100FAFF14ED
0412FA14FC15120BEBFF03010408FFF9
F7E9001708E5F712FBF80F0C0716F90E
0B0AF409F7F306170CFA0106FBF70D1E
03F3F0EC0DF500040EF808060210FF01
F8F70C1202040A0C0412FC0D0E0FF001
FAF5020FF904020CF2071109E6F51010
FBFB0809DEDC0803EFE20405F6FD0D02
01150217FEF113050E10EFFE0011FF00
F7EF0F1305E80B0AEF06FE0C020E020C
110CF7FD02FEFAFBF6F1FE10FEE90706
1AFFE5F408F3030506F711EA15FC10EB
01F501071CFF03052808FC081302E0FA
E3E6F301E60B10F8F30410F8FEF3100D
F1EE0A05D8FD1305E0D1FC06E4DF05F9
130916000105FDFD091311FB07010BF4
04F6FF1203EC10FDF60000F701F7E9F9
111605CE120700E908FEFAFFFCFB0901
16FEFFEA04FCF5F304041EF7130D07EC
12FF08FE28F808F72B020D032E1201FE
E6F20CF8E40A15F600171C04070B10FA
18DAFE08F3EDFF0DE4C7030FE1E51903
0B18FBF8E91626050E0B0404F3FF06FA
0DF2F4EB07EF04EBF6F6FBDB03F6EEDC
021E0DDF041504D0F81004E20AF3F8F4
10060FF20BF5FE0B05DE05F80B0209E5
1E2016EF2A0E12FE250117FE10F700EE
E9050AE8DF1207ECF70D21FDFD052603
F5F9F400EFEEF913F4E30D01F3FCF705
0BFBFDF0ECFC051EF3FEFA1DFCFB0908
0BFCF4E2FFF0FAE7EF03EACF01E0E4D7
0D1908E70A130ED0FE1A01C5FE04F8D1
04F905F503F5150F0BFA001A100D0CF8
161C1FF4250F0BF2291A14F51E0602F8
EBF702EADD0508E7E61208F1131705EA
FFFFF2FCF6DAE50E0ADDFE060305E3F9
0C040C03F5FBFF0F060BF30205FE0703
F609EED30605FDD8FDFBEDD60FE8EEF2
0E090405161000E5081CF8D40316FCC6
15EB0508F7FA0B22EC001327FE0E0917
0B0C02F42A05FCF8310601FB14FC0B01
00F3F4F9F10103E8E214F7E9FA0EEEF7
FFF209120AE0E9020CEDE9F9FEECEE16
FB0A110DE5EFF1140305F3090A09F902
FF18EBE1EEFEFCDBFA07E3E013F6FEE4
140E01100F0DFD05040BFDF60B09F7DF
1504F90AFEF71421F6071F15FD010725
ED0BF4FF0E08EA0A25F9020613F90008
09F8F40DEDF9FF01EA07F510EA0FDEFC
0BE9F2020CD3E606FCF1C5FCFAE6F601
F00A031303F9EF24FC04F30A09F5F90A
E50B01F2E40BF4F5F808E3F9FD000505
0AFC16061807030E1303F5070F0EF306
13F2E7FF03020917FAF71311F9FA141B
DE05F411F4FBEC070EF1E10509F7EA10
DE1404EBE71D0300EA0E0915E108ED02
0A04F423FFF702F9EFECE411E5010403
F010FF2701FAEE1CFF080214F6F7F903
E60CFE10E204FF07EB01F215FD0AF50D
07FB1212FD08FD13F9FF02FFFE11FF00
0BF8E8080711030EFB05010FF50D0A13
E7F6ED12EBF1E50FF9F3F5FAFDF2EE00
CF0B04E9F60AF0EEF502FCFAE0FBF60E
F7FAF607F70D1300FDF4F4EDD0F905F3
F8230104FE0DF9F00200F603FCFFFAFC
F009FD04E8FFEE10E007F311F815F716
F91609FFF2061613E10B0D11F00B0608
F0FBFE120415ED12F219FC09051EFE03
F2FDE90FDAF9F10CE8F2EC07F2EF01FF
EBEB0BF5F4F105EBF900EAEAE7FBE8F1
0105FDF4FDFE02FFF3E9F6FCEBE809EC
E90BDE0BF109FFF81B1100FCF7FCFA09
EAEF0B1EE9F7F209E3F7E60DE0F3E115
F6180A00EB08080BF4000605F2F80112
D8FCFF0BFD0DF608F510F5FDFA1105F3
EDFAF504E200F10CE6F0F301F7F2EFFD
ECE00A05F9F0080006F0FBF6EB09FE08
01FBF404F204F7FEFDE0F1FAF5E703FD
EA1ADE24F108FF1D01F2090802FAFA00
EBED030CF4F8FB0A03F3F402F4E8E629
FF1710060F0B0F0BFD0910F4F5F7FA03
E706F406DE05E6FEF111E900F51F03FD
FCFEFD0FFF01F004F9F9E8FDF3FFF102
FBEB0214F6F3120DF7EDFDF3EE12FAF7
04F6F607FC1ED80CFADDEB00FEE501F2
F1FEEA20EEFEFA1400F8F5F9FD04F6F9
08F104F800F106F3F1EBF908EAE8F320
F913100406F8170AF701FB0603FC05EC
E809F404EC00FA0DEF0BFA06F9061606
EDFBF804F5ECEB0AF10BE101F612E200
02E3F406F8E0F40A09E50CF7EDF1F709
02FF05FEF61AF1EA0BFAF6E9FFF3FCFB
EF09DC1BE405090A00F6F503FD0AFBF5
0BF210F501FC02F2E9F1FD03F2EA041D
FCE7230807E21B02F3E4020207DDFFFC
E60DF30CEF070202F0010A06EEF9230E
F8EAF205FCE5EA09FE03F318EA14F110
11E0061405EDFFFD0EE2F20507D8FA11
FDF5000B0113EFED0AF0FAF808E3E401
E514E612EF04110D0AF5FE06F50BF6F6
01E512DFFDDD1CFD03FDFFEB09FEEDF2
E0E61CFDEDD50BF4F6D302F20DCC04FC
F3F5090AEF080A01F70316FEE8ED1DFB
FDECF504F8DEEFF60302F802F30C0D0E
09EC05F109F4FA0013F4F601FCD3FD05
FBF7F7090A0401070D09FBFAFAE5E10E
010924F40405F8F600F90907FD05F9F9
0DE1FF0BFDE4FA0D2BEEE5E717F507F9
0EF50B0501F30911FBEEFCFE0CE0F5FB
E7021904FDF224FEFBF90AF5E7EA100C
F6DCF70C0AE3F1FE06EF06FBFE0A02F8
FAF4FDF0F7F1F1EC06F3DAFC0BD4E3F6
00FEF5FF10FBFC090806F3F4EDE9F3F3
1606FB01060304050806FBFB080901FF
12DCEEFA21DDF0F628F1FDE019F7F4E6
07F600FA18EC000D15EBECFB13D30110
12FAFDDA1FE4E1E108EBF2FDFFF7EEED
13FBDCFB09F4EBF90EDF02EE0DE8FFEB
11E500070BF502E917EBF3DC1AE9E5E7
FE0AFEFDFD04FEF8FDF80AF70AF8120A
09FF0A07020A0401FF06F70207080A06
0CEBF7180D02EE11ED0D141EF40D1405
15ECE6090DE8FA010CECFEFF0FF3EF01
16F5FE262EE101250DFDF5FE02EEF6F8
1CECF8EC14E7EFE702E2F5FA0FF4FF2C
07010006080BF8FD11FA06F00EEEFBE2
FC020904F703000009F7F80A0506070B
FD07FDF7060A0609FF080602FEF6F808
08FA07FBFBF90A050B07FFFA0306FD00
F5F902F509F70006F9FD0406FEF8F6F7
FCFD0A09FC0A09FCFAF6FD0400F600F8
F50609F80BF6F8F906060300F6F6FD01
FF040A03F60101FF02FBF7F6FCFFF7FC
0300F9FD090507F8FE010007F70B0604
01FDF50AF500090106F609F9F504FB06
F90103ED04F7F8ECFAFC080105FC05FA
FC0908EE00F7FBE7FAFAF6F4FE02F3DF
03FF14DD050111EFFEFDFCE30003FCEC
F9FA1CE1040113EF04F8F7EA1103E7F0
FA06FFF7FA0307F7FCFA0BF9FF041BF3
F902F7F5F901FEFCFFFC02F7F6FD08FF
F60108F9090B05FFFD05020A0BFFF6F6
00FC01E2FFF701E402FD070108010EFA
0BF9F4CE09F9DDEA12F8E5F403FEF6E6
FE0904DF0C04EDC612F9F3D41503E4D0
DE030FDEF6FB08F9F8FE0404F2F909F4
FD06E2E7EDFEEAEEF40EE8F5F0060BE0
09080206FDFBF50707F7F3FC09FDE8F7
F8F901FDFD0906FE0205FB0A0806F703
01FD0ED00400F8EDF9F90AFAF2FE07F0
06FDD2D6FFF9DDE30402F4DE0CF7D8C5
1B05EBD61100EDA0FCFCE8C4F502DCD9
0EF8E00A0EF6EBFD06F9F9FD0C03EF00
DE0909D4E7F711F0F1FFEC06F105CD08
0A030BFE02FDFAF9FDF7F9E8F900F7F9
02F7EF170204FEF90008F604F7F8F90B
2109E3ED1AFEE7E301F8FFF7F802FCFC
1A00D3DF1909CBE02202EED21700DAE4
17F8F7F4050302E7F9FEEBDEFE02D8EF
050BEA0512F8010617FF011214F6F40C
04082902FB070B03F5FE0E140400E919
F104F404F103FC0EF7F80813F1F41814
0D09FCF618FAF6ECFFFB0B01F8010105
0708E2E8EEF5DEE4EE0BF0EDFDFC0AD8
0D04F0F708FBCAFF09F6C9F2FCFACB07
0002FAF8FEF902E4180501E70EF3FDF7
0B07FFFCF706F4060307F60CFDFAEE10
00F8070203F1070A08070C0D08F8110E
F80602F6F4080409EF03F501EA00FF1B
0701FB100509F9110B0AF7FF02FE0601
FA07E3FFF7F6DA08EC07E90BF001EA0C
0808E8E211FBDFF80506C2F8FD01D3FF
040702F109FC05E8FFF8FBDE0C0704E7
0BF6F5050507FE0AFB0400120700031A
F8020E1F11060DF71AF606001104140B
0101FB0415070B0FFBF2190100FC1212
04F7F323FC01E42402FAF20CFFF703FD
1301C9040FF7E50D1202DE0E110AF50E
13F810EE0B08DFF60A09CD031009C601
F6FAFD01070602F215FF0CFA03F51FF0
0BF8FEEA0BF401FDF806FC220AF8F512
FD08030710F8FC0C00F6FF110AFFF8FE
04000D0B03FA040F0C05170EFAFFFE0E
F5F4F21AF5F7FA1E06F9E81DF9FBFF09
01FAEE090705FF080807F60D17020E05
03F910FBF806DAFFF0F9CB080AFAD603
00F7F80D07FF0BF909F72CFE0CF325FA
03F503D715F503F412FAFD000300F410
00FA10F60CFC000703F8001C05FC06F8
0DFB15F40FF8120902021C06F2062A05
F404F80F0F08F8080D06ED31FD05F114
F704DF0DF800F2081EF5FA011004FC23
F6F40B0AFC01D902FFFEBE0000F7BB03
EDFC0710E6FC1808DEF633F9F9F228FF
1008F0DC0D02EFE40205FB0007FBFA09
FEFA17EDFF06FA01FE01FB1506F7EEF4
0F05F900EFF614F90D0534FDF6F52DEE
1002F6040CFFEA070EF7FC2B02090213
FD01E10B0506F3F80608F502FA08FA06
DAF714FEDD04F0FEEEFEB7FE02F4B50A
DFF50711CF031504DF092FDFE9F42DF0
0203EC0002F8FCE902FBF7F3F5FBF507
FEF814F204F8F90809FCF61705F4E510
09FFF2F5010200ECFD042111E7F723E2
09FFF90101080B1F020AF712F8060312
F8FEC20905F8DDFA03F503FFF9F80BF4
EEF70BFAEC02F615DD02B617E6F6B313
E6F60706E1010F07CE0610E5E7012702
FCF9FB0206FDF0F7FA08FFFAEFFE14EF
00FB1AE802FAF90D12F9FA050D08F114
FBFA1301F0FD2AEEE70337F4F90429B8
0F0B010612F8F42DFD06F2060706FC0B
D908CE0EF9F6EC0DFCFE0003E6FB15F6
F2FD1AF9EFFDEF02F4FEDA0FEBFCC21A
E5F90E03E6021BECDFF91AE7DA0119EA
03F6EC13F6FCE8FEFBF4FBFFF0F50605
FF07F5E1FB02E7000500F20513FAF80D
08F7F9FAFF010E02ECF60500FAF8FBE0
14080BFDFBF8E326F60AF90FF5FE1304
DD05E010F10ADC06F900E91FEBFCF314
EB020006F0F4EB07EB00FE01EC04E504
FAFC1DF9FAF40FEBE7010EEFDCF620F4
F808E908F402EB06E5F6FBFDEFF70C09
F7FFD4C713F6C5F60FFBE20412F90901
03F901F40CF504F5050905FD09FAF5E5
10070804FE040719F301FF1509FB00F6
E307F30903FBDC18F5FDE317F804F3FC
E0F8EEFAE8F8F815E904FC05F4F8F20E
06050DE5040420E9000318DDEA01FAED
03F4F214E0FAE21BD405FA15EFFD05F2
04F6DDF20205E1E8190AFBF20E080A0A
FFF8FAFB10FB05FD00FE11F7F400E2F2
1101FB0AF6070016F7FD030BFF07FE10
F5FCFE0701080C0609FDFE03F408FCF3
EBF4FB07F000FC22E504F316EFFCEB07
EFF500EDF9FD18E5F80019EEEF0404FE
0B00EB07EA00F61AEC01F31AEB01F901
EB04D5F5E7FCE20CFDFB00F400F603FE
08F5F3FE09FAE315E7F8FD0201FEDAE6
F8050402F1F9EE070508EEFD0AFFFA00
F904F5180C03061B05FAFB05EDFEF803
F1FAF603E907EB00EC06F30BE9F4F821
E6071209F80418E9110604F6FCFF02F0
0909F711E807F518D2FBF527E401E31C
E1FEECFAE9FFFA07F3FCFA03FEF8FF12
FBFCEEF21AF8F0F0FFF4E2F4FD08F1E2
F8F808FF0AFEDF15F9F5F1FD07FB0804
08FEFA1F13FEFA2004FC0209F5FFF71E
F8FD13EC0201130AFAFC0503F4FE0018
D1070E18F1FE0AED05FCF7DBFC0602E5
1407EFF8FCF2031BE5FEF922C503E623
F0F5FF01EC0502F9EEFB0CFCFFF81201
0504EEFC1603F60101F9F2FAEF03F5ED
FD04FF05FE02E62005FB01F7080A11F6
0DFB120B11090011F3F40109F009090D
EFF612E3F5FB0EF908FE09050008FA08
DE02F31AE5F6070CF5060ED0F10103CB
02FCFAF202F800F5FA03051DDBF9FD28
E804E6E9E104E9F3EFF803FAEEFF08F3
14F8FE02050801FDFB03F9CBF5FEFAFA
F2F7E00A0502EE020000E9F309FF03FD
1D0703FD160610000304F5F2E4F5EB0E
08F808DAFDF90FE302FD00F80D06FC04
E905F62AEAFDF11503FDEFD20A0206C5
F700FBF507F4FFFFFE020111F2F50B1A
F0F5F1E2EBFFDED7F1F8E8F3F605FEEF
080606FB0EF7FB0C13070DEAF8090EFB
0E01CFEB090AFD0FFF0001F8FE00F9FD
01F40AF30EFC1103FFF600F3FAFFDDF4
12000FE407F304DD1706FDE30208FCEF
040701310F03DB1C06FCEBF31100F0CA
09FB08ED0FF6000620FF020911F80921
FF01FEE5F102CBD6F5F7D6E80406FFD8
FF0709F81CFE01010A0600000E00080A
26F8F0E50D03F8010503EF010AF50B04
0DFBF4F802FE000002FAF0EE16FAF1F6
160606CD04F60BCF04FE03DFFF09FFE9
2801F61F15FEEA211907F6021301F6DC
14F70EE31EFA05F41BF900102DFEF619
2604F6F405FAEDF1FFF6D5F80801FBD5
0909FC010B0802ED1C060E0929F70113
2AFCFEF21EFAEEFB0A09FA06070606FF
01F601CE0204F5D20D02F7E40FF600ED
1A0606B213F502C30BF907CA17F9FBD0
25FFFC251A00FE1F1BF40DFE09F50DD8
1501110323F6100020F506022B000F07
0706FDFA13FBF2F60905E7EE1505F5E8
06F6F8F7FFFE0000110912032401FEFE
18FFE9F70AF7EF02F6FBFBF707060807
00F805CC0EFB03E403F50FF6040408EB
0DF400D109F508C30BFE00B301F8FFC0
1B08072A20F90F1414FA140218010EF0
19FCFA1A22FB06231C00011A14041218
1B05E4E70CFCE3E018FADEFD1C0201FC
0601FE080607FC101505EE120700E206
0600EDF0F3FDF70300FCFFF805FF0A07
F602FECFEF00F8D40306ECE307FEE6E9
070302EBEFF801C8F9FDFAAA030A09CB
23FC0C24230607150BF6FAF412F80ADD
08050B0921090A1326F4011F0D070B25
0806F1F10007F8ECF60A04FDFAF70A09
07F80301F7F6F4070407F50C12FC03F0
F0F90D040908FB030AF509FCF9FD00FA
F9F5DAC0F204D6EAE7FACB03E002EAFA
0D0402E002FDE8C9FBF9F2BA03FFDBC1
F9F7E914FDFEF9030608F8F216F6F1DE
F70002F5E9F5071109F6EB0DFD0AF218
F60AF8E9FA01EAEE020902EE09F604ED
020505FEF502FDFE03F7FC06FD00FAEB
050B0CFC06F50AFF02F70A01FAF5F907
E209F6EFF007E3FE04FDE0F507F90DF8
EBFDF2FB0009FF04F0060F18EE09F510
F7FDEA000204EE0003FEE9F4FFF7FDEF
F207F5FDEAF6F8F6DDFB0BE2DEFE00F5
05FBFCEDFCF803F3FE070EEFE60205E8
0A01FA080009FD00FAF90BFC04FA04F5
F800F500FF0B0405FE0B05FF05060B08
FF05F9FA03F6FDE90106F50409F8FFF6
FC07070708040A1EF702F8050800EEF4
DF0400EFEA0225FAEBF61D06EA0509FF
0AF60A0E06FC0C16F609151DF009FC05
F802010FFCF9F9180400F7090A000610
0BFDFEFF030409F903FDFA0AF6F705F7
FBFE00FE0B06000805FBF508F80000F7
FFFFFDFEF8FC08080503F8F904F502FB
07FD03FF0805F809FEF9F5FE08FEF606
06000A0AFC001206F600FE0D00F50DFD
F6FF00FFFD0AF508FA07FC080407040A
03FB06F9010A01030904010100F70501
FC00F605FBF805F70803060403F9FD06
00F7FD00080B0909FFFD010A09FCF8FD
FCFB111BF4050311FF0302FDFB0906FB
EC001800E1FC1207FCFD05FDFAFA0109
020E0EFBF318F2F1EF040D07F2F71B03
F4FE1722E2F2161607F609310A06011F
FB06000EF7F3FB0008F60EFEF2F41115
0609FC0602F8FF0607F9FEFF08FE0805
06040DFC07FAFB0C0BFC05F9F5FE0AF6
F2FA1213F5EE0F17F7010A08EAFC0817
FFE204340EEB1720FEE92729F5F40F27
F317FD1BFDF5F91F04D9FB1419E11527
F9FE1307E5FD020BEA0FEF0BF31C0511
0EFA1B0CF0ED201601FA2F19E8FB2000
02040703010905F505FA040311F21311
09041909060601EBF7FE0508F7060501
11FEF917F605001EEE06FD1EF5000E06
10D1F1220EE2F41904E8F8131A09E81A
DE0DF3F5E9F5F50F12E5090412EA0C09
EEE30901C8F91805DEE90C00E40AF704
02ED0704EFFA0D07EDFA07FEE7EAF3F4
FCFC02F8F9F9EE0C09F7F90010F40D11
20100C0119180CF00B07080CFD04F701
080402FE030B01190006FE2503150B0E
0C0DF70212FEF417FDFA090110FDEF09
F90CF8FAFD18F1F60B02F2080C05FB0A
CF021909CD061800DA07FD05E70EF9F1
EAF808F4E10203EBE302F5E6D9F217F2
0AFDFDFB0802EAECFFFEE7FF02F4D3FD
0A04FE0C1B191C1300FB02FF04F5FDFC
1705FA0F0E24FCFD1311F715130A0317
0500031405FBFD14FCF2F71109F40C02
0B09F2FD0904EEEC0C01F6FE0D1AE51E
CBFB060BDEFB060AF31812F0EE0806F8
E101010CE10E0500DE120003C2020101
0701F8FCFB09D2F3FD14E9F70101F706
1EF8161B0E061307050E02140A0604FE
1213070E110A040A080F04100E0B0321
081300160A05F5031107E108040CF20D
0501F8FB0B0BFF000F05FB1011010519
DAF4FC0CF6F7FFFF0D0CF8F10B0BF6F1
EA04E208DC02FCFBEFF318F9D20511FC
F907E815F406D20DFB06FD12EE08E70B
1EFF0B290A04160B240AEB22F80808F8
01130716140E09070B040F1E24070E1A
01090B0EFC1BF50BFC17E9FDFA16F107
0E0603F8FFFB08FE120202FFFF0C010E
D9060503FC06070207010CFF0EFD07F6
D20BFAF1D50507FDD6FF0CF5DD021304
FA09F00FF404E106EFFA0901E0F804EF
24080D2313F916071BE1091617F909FF
F613F7F4F90BFDF704FDFB0D2CF20D17
FEFC00EB0E0605FD040EF7F1FD17FEF7
150202051BFE07FF170308F1000107F6
D80A0AEF0D0D01FE19090A041FFE09FE
CE04F904CB040704C5F6FDFBDA020CEF
FC1BEDFF001AF207E8160DF9D5FEF6E6
111905132005001219F70A1903F8FC12
0009FFD6091904D302F20CF415E60A02
F704F8D0FAFD0BD508FE07D0030CFDDC
26F701FD25EC04EA0FF103D30BF10ED3
D3FB16FAFCFC13021403F8FE2BFF060C
DD0B04F5D711F8F7CAFD07FBD4F91EF5
FCF108EAF514DEF9E311F408E702F8F5
090902FB1BFF0C050BFC0BFF0DF50200
F113FFBC0D0703CD05000CD9050106EA
05F501CD09F701BFF4FE02B3EFFCFAAE
1E09EFFC1AFBF9FA1A0209F5040502D7
D10916F5FDFF16F925F10CF912F5FF0C
E712FBF6D40407F3CF050EFBBD010905
FBF70AF9F204E6EB050305EAF10FED02
03FE08F80EDA14FF09EB160B0D020E0D
FBFF00D5F6F911C0EC0C02D8F00BEEE7
0CFA03FDFE00F4F1010606DBF803F8DD
1111DA130715E323031BFB230115F514
DE0C030AF61400FC16FBE3F61409D0F8
FE01FEF5D5080CECD4F506FCDEF90C08
0A030023EE2AF4DA0724F7DE0B0E09E5
F4FEED02F9E1F6FC01F314F80804FBF7
EE07F9EFE60E09EAE90EF4F1EDFCEEF1
F5150925EE0A0520EE021A0CEBF709FD
0011C7F30617DC1BF411F925EE110332
E3FDFD000C04F4FA140AF6040E02E0FE
F8F70401ECEF0704EB05FA09DA0F0100
FFE90012090CE70C16FDE5131FFF010A
EE01F40416DB0D0218E918F2F6010503
E806110AF0FD0E0AF203ED0EE1E4FCF2
F91B1026F60D0F1AFB111A2BFAF7111F
FB0CD9F5F511EEFDEC12F812F11FF61A
E708FAEF0501F4051AF9EFF50A02D302
FBFA0719FFEC0B03FBFDF904E410F8F5
110612071FF8E6083006020E28F81110
03E4FCFE0DF4060A03FBF1F8F80805FC
F6F80A1AE8F1FE21F9E2030AF1D2FB0A
FE18F702FB0C0622F4FC102401F5131F
FA0DE7F70A26F102EC110208F70EF808
03FEF803FFFCF0FC070DE8FE02FDDEFD
0EFB030A08F706020009F31202FAFB06
11F703FC30F0091D14F30A0B0DED0905
0BE9040C0612EE120601FD0A040A00F4
FFE5121500DD0412EBB80C11F8C6EE07
0106EDF200F7F60808F9060EF6F0FE11
1614F6F70C1FF102FA1CF7FCF11CF504
08EF0406FAFD01F80DFFFAF00C08EC04
03F9FC0E1301EDFC0000010804F30502
12FA010F21E20111050205041BF20D00
F6F3080B001600081504F7060BF803FF
07D417FC04D708F3EBC4FF03F5D8F6FD
F3FBF4EF02E4EBEF00DDFFFB06E909F4
020804040311F3FB0213F6FDF709EEF8
07F4FC01FD090E03F3F70CFB07F3F803
06F9F5F903000409150A0D1506EF0D02
0BFA0C1127E01428F4F5070B0D010512
0AF0FC01000A0612060DF106060AFF01
09DD0BFFF6DC04F3F5D804FB02F8F5EE
F0E1E8EAECD7FCF2FACF0DEFF4D11BFE
00FA10F30303FDFC0A02E9FDF8EEE7F2
0FFD0A07FCEF2102F9080EEEFC0A090D
000FFA030303120D00061D1003FD1809
0CFA0B102606040D17E22A0C06FA0AE0
0104F6030A0DFF19110BEC1313EF140D
02E715EFF508FCFCF9F9FBF70F1BFDEF
02E3DFE5F4F303F4F1F817FEE9E716FE
03EA040CFFF6EF0310EBF013FDE5D9FA
05000CFD0BED250FF907230702F50F13
F70706FE09FB060103F70B10040B14F4
14F71E1824FB330E15FE1B2C070702F6
ED1AF0F6FF0106070FF20FFEFAFEF9F7
F70316F3DE0C0405F703020D002400EB
EBDDF5050103090CF6FE0706EC100CEC
01F2012207E4072115E2F91700D6EE10
12080A07FAFC120104F91411F2031C07
F105030502FC060101F7050406020DFC
10FE040413FA241FF7FC0B160A08E8F3
FD110802F9F71AF31501FEF009F502F9
F9120FFDEF15FEF6E21809F8F5190CFB
01F20005F2060C06F80E0AFBF9060BF4
F407FC1407F6E71215ECF10DFEE9F50B
FB0F00FEF7FDF90DEF04090DFAF5050B
03050AEF04040404FC0511020AFF0506
070303FB18F0200B0AE4E4FE0BFBEB04
0AF1270A14F60E18FB0A10F6060B09F8
EE1DFB04EC270301EA1B06FFEA1D13ED
F4FE13F8F9031909F10B13FBE913FF00
0501FDFD0004F6030CFBF70504FA0E06
0207E806E90CFC06F7F700FA04F61403
0DF504F503F70C06FB090BF5F6FCFAEE
04FB04FA07EC111AF4FAF10BF0EFEAF3
0A05101415F7100EFC03F2F800050301
EF0509F3FB03FE01E51608FBF003FF0E
F9FD160CF7F5090AF60519F7F5FD16F6
0B0E00FD030607EA0CF609FE02F00DFD
FD03EEF7F30DEFF4F30205FBF40506F6
ECF1EBF81009FD03F906F001F714F2FA
F8FBFE01F90AF7F4FFFBF8F6FDF8F0F5
0616F0130711EE06FBFC0604F9FDFFFB
0E020F06F90A1501FC01010C0719F60F
0C020B0DED0A0C0BFC020BFCEEFD0501
030BF6FD020303021B04FF0108FD110D
F107E9F804FFFCE7000509E90100F702
EFFAE602EF10FEFAF804F4ECFD19F1FD
08020A08EFF8F109FCF3F1FFEAE6F0F7
0B12FB231514FC0DF60A07F7F6F90201
FAF0041A09F4FB0308FD0BF615EE060B
0407F90CF51D08FBF4162106FF01100F
0DF2020507EEFC160804F90A040C06FF
FE05F8E0F4EFEEE7F4F4F6EC00ED02FC
EEF4EFF5E7FDF304F70EEC0AF00BEBE8
0BFFF6F60CF7070E07EF0603FBF1FB01
F9EB0B0FF00CFB06050606FDFAFFF70A
0CF3F90F1EFEF61108E1FAFB14DF0F0D
0C0C0312FF0EF8060812130210FFFB02
F6F8F2FCFEFBF91B011AF119001EEA0E
FB12F4FDFC0AEFE7FEFCF4EEEE0204F1
E012EDFEE30EFF03E21E09E7F309F4F1
02FF0504FCF2FFFEFFF60A00ED17F2F9
F8F906070A03FFF9090B0108000AFA02
02F403DEF8E2DFEAF9F6E601F607EFEE
09FBEC0DFE05FC0407F607F50FF70401
F8EC08F9F7E9FCE8FCD7E405FFEBEC03
0FDF13FA07F808F7FA01FB00EBFD1308
FCFF0605EC090C05F20E06FAF5EBFBFE
F8000308FDFDF801FBF803F8FC0AEDF9
0B09FAFB08FA04020004FBFD01F70AF6
F7FB05FD10000AF50002170312050B05
F5F9FFEB03E20CE701E60FFB03EA05F9
E913FFFDF6ED0EEB05F10BE4FFF402EE
FDFA0A08FCF315FA0FE9120FF500161A
FB031201F9F300FCF7E9110AFFED0106
FC00F8FBF50A0609FEF8FD0A04FDF80B
0B06F907040501F70AFCFAF7050AF5FD
0806FD0B07FDF700F609F7000601F9F7
04FFF8FC08FD02040403F7FAFAFE010B
F5F508FF0A090A02FF10F3FE010FF206
FF06F7F6070A04F9FFF9020103FE0006
F9060409F808F7FDFAF9040AFF0808FE
0809030007000B09FEFBF806FB03FF07
F7F6F9FDF9F8F6FBF90AFA0806F5F6FD
03F3E807010001F9050902FE010000F7
020406FA051DFE1BF6FDFD0A0104FC0C
0CECEEF10411FE0AF213EE1DFA11E90A
F7F7F40FF724F617F5FAECF102F907FA
FF0AF107FA05E80E0204EB0EFD07EB16
FF0B0008FB0B07010A06F6F8F9FAF7FD
F7E8EFF3FF0807F9F60708F509F70A0B
FEFEFEFBFE0305F0060E02F909EBEA06
01F30B03F6F00EF4E2ED19FDF6F5FC02
17020DEAEE1D1DF8D92302FBF9FD1BF9
0E0BE80A0AF9050E0D1103110DF8EDF8
0408F1050208EA1B0702F6020AFAF1FD
0208FDFCFA0B05FCFFFA0BFDF5EF01F9
09EDFCFA05FC03F9F8F809070AF5F809
F200EF1A06FC010302F8FE1804F5FB13
E3E9F90AF2D5FF01DBDFF8FFFCD9ED1C
0A0A1C1010170C060014FEEFFFFB01FD
E6E5FF09FCEF0706F5F009F9FF031509
F3001CFCF0031DFFEFFC1B2002E3FA27
09FCFB000206F1FEF2F9FCFE0701F5FC
1DF3E60417F8F8F808080206FB080AF5
F3CAFDFEF4D8FBF5F5F1EFF510F1EB08
FFF600FB05DEFF0708E8FBF604BBFB02
10030BF61B1A13F7022402EE1414FEEF
0AEA120200ED0CFE0AE208F511020307
F414150F01FA0C12040E0F22F7040310
03FC16130AFA0D0813041B0F111C2127
03FBEE0F18FDF5F8FF010708F7F6F7F5
15C3F1070ED9E7F9F6E4DFF3FDE3E3F3
FA1408FC08F80DF806EEF20104C7EA07
00FF03FB001906FE131603EF181A09FE
02F3F6FCFCFBFB0113000A0A03030303
F205FA22F1FD07040102FF0901F8FA0C
020506091D03270819111DFCF211080F
E4FFF3FE08FDF30501FEFB0909080AFC
04C4FBF60BBFF0F90FD3EA06FBF70907
FE1806FC0400FDEFFEE5FEFC0CC500FC
0AF3EB0600FCF1FC0D15F7F20E15FBFD
0DFE0405FE03F9050DEC00090AEEF1F1
0504020FFB070AF8FC06F20A0E04F90C
F5010D02FC0C0D0804161416000AFD27
E0EEE40311F7F910FFFBFF18060708F7
FCBFED03FABEF8F503E4F3FFF8E4F201
0724F9FB1327F902050D0305FDE3140E
06D3FD02FCE4F8F5F707F804F613FDF4
F906F6FDFA0CFA0704F8F90009DDF8EE
F708FA19F6041506F600F6F20205EF01
FC080B09F5231C17FC0E0B090C13032A
09E5EB0C0AF70807F2F9FA0F08FDF9F5
13D00A0305BF02FAF6EBFA03F7D8F600
012EFD07FF0F02030C0904FF06DE0810
F4DFF003F4E7FCF0F9FCF900FA10E9FC
03F4EEF5FD00EEFDF400FCF1F5E0F2F1
0512FE0EFA01F80BFE0BF201F7FE00FE
0DFB1D050E191017071A1914101DF327
14E9FCFE05F0FD02E6FDF308EFFDF913
FCC50E0EFCBB0BFDF1CFFCF702D7E717
F427F20BFB17FBF100F514050CD60808
F8DEFCEC02EB030301FCF4FCF725DF02
07E90A09FFFBFD0A04FD0103F9E0F7FC
1303F30F080CF3FB0C06FB0CFDF6FE0E
F709FD14090C07FE1A30041B0B201005
1AF9F904FBEFF0FBE5EEFC0EF4FB040C
F8C20BF4F4BC0EF1EBDE16EF03E2F817
0525F3FC0D1A07FBFB0E161A06DD09FE
07F4FD0DFEF6F213FA06D90AF923DF00
0CF9FB0A00F1ED00F9F3EF0305F6FB03
20D4F60008DAFEFB0BEFF10005F20100
F6040001F704070BEF330616FEFC15FB
03F3EE17F2FFF219F1FEF30EFF01F410
ECE220F0EFC921E9EFDD0EF703EAF514
FC0AFC09FB07FDF80FFD1B1200E0200D
1AF5F9081EECF7100AFFEF070913F70E
0213FDF006FAFA011106E6F5FA0AE9FB
F8DBF4DE00C7F6D8FAF2F8DDFE03F1F5
F7F7FAF80D041CF41BF51EFA03CD14E5
E6E40DFEE6FDFF0DF3F4FF11F8070402
EBEE20F5E8E50AEEE7E400FEF9DD00FA
03100709FF0F13FBEDF419F5E7F62205
19FDE3151CF6E6091D08EB0A1A1C05F7
060300F50C0BEEFD13FAFB051306F709
E5DD07DFEFF202D8F0F0FCE3FC0CFAEB
F8EFFBF604E9FAEE0BF1FFE3E1D703CF
FDE0F8FFFC01F015F901FF14F704FD03
DCF41A02E5F60B03ECEB0BF5E3D4F405
0B0D1DFDFAFE0EFDFFFB1FF3F8F60D00
1504F6FA1FF9F80917FBFC07140AFB03
F00E01EBFAF5F0F30104F10717FCF60F
DDF0FED7E20600D3EF1301FC031906EA
FFE210F9EBD51EE5FFE401ECE2D7F4DF
F2FD03F9F7F0FB0704EDF9050C0D03FD
D7FC13ECDDF60AF8E9EB0309E9E5EF04
0E0310EF04121CF8EE021AEFE6FC1603
1A00FEFD270301EB1DFB03EB230B0004
F8FB06F400F8090703FF04FF0E100B09
E208EFE2F6FEF2E3FD14F905E912FFFD
F7ED10F3EEDD2EDBF3FD15F1EC0B07F0
F80712F205FDF7FB05EAFAF80603F6FC
DB00030CDD010103D0DDF7FBF2E30FFA
080A20F0FA101FFFDE050FFADC1110FB
13FCF10522F5F0F81DEE0BE21D0405F2
F8F6EF11F0F7030A08090F01FA0A14F1
0610FF0102020112000BFB1304F7F118
FCE81EE6F3D825EEF7FF2AF6FC0B04F0
0A011AF001E0F70413F7F30602F5F80D
E90CF006EF02010BF1E9F212FAEAF9F9
EF0011ECE6000FEFEB1508F4ED0AF806
0E0B09F7FD01F3FCFBED07F3020118EF
F6ECF213FDF6F1100A031508FA090FF0
FFFE03FC0A060006FDF9FD0A0505001A
F9EE18EFECDC3BD5D8EA36D7F4F7F9F5
01EF1EFAFBD708FE0FE8FC0308FE09FF
0717E40D001AF40FF407EC1AFFF20B06
D0F40FFED1010203DF10040FEF12F407
F7170903FC1009F3EDEEFDFCE8F01601
06FDED050603E40711F7040AFB041306
0E0D0FF60E0206020C0304F00F0AFC03
F5E10EF704CDFDEEE5E721C8F6091AE8
04F614101EDBF90714F2F812F3F5FF06
FB0CE90D091FF901090BF913020B0F03
E8E9080FDDE9110BEC0B0B1300060210
ED160A09ED241B05E5F50801D6EC1707
0AFEEF18F8F1E3010600E00F0409FD09
091011F8F4FC06F1FA01FA03100CFA14
FDE21BF908E90C02F0000ED9020619E1
0807F815FB010BF9FAEEFDF909FA03FC
01F8F0F81819FAFF1412F9011316030A
EBDC0AFFF9D9FEFFFDF8F90E03040609
FC1613FCDE1311FCD30205F9D7E20C04
0BFDFA130F03F60104EDF60E00EFFF03
070119F2E6EC0DE3F3F2FC03050104F6
EFF510EFF3E529E1F9F7FAD7070007F5
FB070AFAEF0C0CEB01FCEDEE03FA0BFF
12FA02E80F0BECF60D15F5F61C14F100
FDE005FC06E6FDF8F7F1F60608EE09EF
F90B0907F416FEFAEB0F0BF9EFFC0BEA
130AF9FE090BFFFA08FEF10502FA02FB
FAEC01E0F9FAF9DE00F9FCF80BE70302
040A060AF8F413EEF60012F7FFF0F9EE
00EB08EBFBE301F50907FD01F30805FC
0B03FDEF1B16F5DC172DEAE90E19F1E6
09F60CFEF8F7F2EC00F206EC0304FFEE
F9121407FF0DFE02F00B0007F602FF09
05F409040303020BFDFE0C09FF090615
E3F50ECFF7FB0BEBFEFA0A01F9FD05FD
080A0203FBFFEBFAE2FE12F6ECEE04E2
FFF10AE0FEE50EFAF7F403F7FEFEFAF4
F4F503D90809FFDD080AFEE60006FEDA
0B0400F30CF6F1F2FAFBF3F3FEF502EA
0F110102060706FEFCFE03F4070BF600
080408FF0B12FC030513101500130213
FCEF12EEF1E50CEEE2080CE2EB1006FB
FDFDF5FB0314F500EFF7FAFDEFEA11E5
0FFE030D0BF10A080AFB0B00F6060500
03F3E0F1FF12DDE5F219FAE9160AF5FD
06F0F0EE0D07EAFCF8F6EBE6F9EDF2E4
1101F5000EFDFFF61605FFEA0101F0EE
03060C0605FB09090E0BFA00081A0506
F4F60AE1DEF304DEE6F007E202F610E9
F708FFFCE80CF1F2FEF903F2FFDF08FF
26FAEE1B09EB020B090A01F90402F909
0002F002030FDE0DFE08E607FEF4F41A
09E9FE04FFFFFA090BFDF602F7F4E707
0508F20CF8F10016060BF30D05F9F7F1
FAE1FBECE6F70EF0EC01E906130AF418
F5F604FCF1F704F1E8F8F6E7F8F103E1
FAF702F9ED0EFCFFF60B0BE9F4F51EF2
EBF5090E12F9FA0205F70205050300F9
FEE5E90B05FBED15FBF1DF09E8F0F51C
17F3FC361AEFEF240FF4CF150DDCDC17
FDFFF713F4E4F81211FBF42103EEEC2B
F9E0F500EFECF3FDE6E8FDFDFEDFFF14
0CFD1A040910FFFA03F5F8F4FCDB00ED
F6070202FEFD10F8020B09F9F4F4090E
F2090AF603FC0608F505FDFE06010500
F0F2F0FAD8F8EFFDF1FDF600FC0103F8
F2EF060B01E8E713ECE3E1FCFBE9FEFD
D3F00308C7D5FB10DCE0061EFCF7171A
E7FCDF1207F5F306F4E6FD0DEDEDE20C
ED0D07FDF0EEE301EBF4E6FEE3FFEEFF
030009F90AF9050903040404FC03F701
09070406FAFEF900FD020A0604FDF902
FE01FBEE00FBF4EFF9FFFC0607FB060F
E8F317F9E4E9FB18ECF6FE08F6FCEEF8
0FE902FCD7CAF603FCFD0811EDED05F7
F4F6F4F9E6F4F7FEE8F8F21AFCF6FFFE
FB06F60900F8ED16FBE6F30EE9FEEEFC
03FCFF0A04F60201F6F5F602030605F6
0BF6F90200FB07FCFA0605F7F8040BF6
05FB00FAFFF7FCFD090102080008060B
05FBFA04FC05F6FCF703F8090A09FC09
FAF50AF6FD0806FE100FFCFD05010602
FBFC000B04FA0B0BF9F8F8FF0B070A08
FE05020B04F5FFFBFB02090905FDFA04
FFFAF8090B03F6FFF802010AFE0502FD
0AFD020BFC05FEF5FE08FE09F900F6FF
FC1B05EDF50F04FBF7FEF50307FC04F7
050D06F6F82DF6ED080A07F20B0A06F1
FC11FFEEFCF7F4070B0EF2F5FD26FCF8
F81AECE70B21EFF0F42C03EC09130902
F70DF2F9FE0FF2F9F81BFAF9F90DF8E0
FF0A0A0300F705FE0BFFF705F9F90207
070DFBFB0707F709F9FEFE030B00FDF8
EE20F6F9F80D04F4F30DFAF8010800FD
DA2C03D3EC20FFDFF721FFE0E91808F6
F61AF0DBFD12D9F0040EE0E6E80FEFE5
080AD5CE0616F2CBF31DEED8FA1DF7E0
0EFDEEECFF08E8E0090AE0D8F9FCD5D6
F901FA05FEFD0209FBF50A06F80B0AF1
F9F6FEFE02F30F03FFF7F808F7FAF6F8
F712EFEAF31AF6EBFD22FDF1000DF100
01090CE5FBFDECD4F811EDE7F10CE7D4
0309F7F30513EEEE0A0701F5FD0705F2
FEFEF6EE07E4FBF002EAF0FA0700FAE5
070C19E6080510FA07F90A040A04F003
FB00F90B03FAEF0300080D0907030BEE
F1F5F5FCFCFB0BF7F508F9FC05050602
FD10F0F4F70E04F1F519E8EDE407F9F4
06FF190D070F0DEC0B15FBED0710F3D7
13E80CF70CF80EF9FC07FD0B09F72306
F7F4F3FA0AED01F30EF2FBF316EC02F3
26EC0D001DF4160604E5080D09E20401
01FA010BF6F8130615FD230723F81CFE
F3E9E7F5FBFCFFE50001FD020801FA03
000408DDFD10F1DC0004E1E0F228FDDE
FB060D0E1510FDF50E100202131F05F9
F5E3F2EB01F5FD0B050F05FFEF071405
EFEF09EBF4E5FFDD02E109EF0CEEF5E2
04EDF8EA06E9FBF6F7E6FBF4F7ECF7D6
F5F5FC04100F07061EFB220E1BEF09F7
EA0AF104FEFDFC08FFFB02F008FC02FB
FD0AF9E20E05FCEF1C0BF916F10CF606
F402F303FC0A01050013F4FE0A1604F6
F5000BEEF7F70FF1040103ECEF1307FD
FEE4FFF001E200E501F6090209F912E5
08D8040707D70215F8EE04FEFDE2F4F9
FBF4F1021EF8FB06230900F706FE03FC
ED0EEB120221F51CFF09F0F4F5FEFC04
1702F2DC140CF0F41D0BF20BDB0FF213
FC06ED040AFEEE160E11F7130F02FFEC
FCF901FBFBEE03EFFAFFF8EF0109F9FF
0AE3040BFFE50002FBF303140FEF01FC
0ADC021005E00329F9EB081006F0F301
00EF010921E5F70D0FF3FC11F5FB0B07
F415F61A0E14FA22180DF800FB14EB1C
130BF9EC0A03FAF90A03FF04F417F701
0000041300FDF712190CF71E150FFE0B
F1FFF81806FAF200F2F801FEFDFFF8EF
0EEC010DFBE9140C08EE050AF4F81112
FA09011FF6F8F3FF0BFBFA0F07E6FC07
020200F60AFAF8091EEAFC340C01FA2D
18F7070C29F2F2092007EE0FFC08EF00
180FF9F70E0202F4150F0A06030EF506
F4FC04001F01070D14F6010C150009FD
FFFBF60BEFF6E90CF90DF0F7E808F6F0
FFFC140FFCF7070EF10515FBF903FC03
F80FF815F805EBFD05FE04060DFD0A07
09EFE8080AF00E0E25EAFA360F11EB38
2C040AFC2306061023F8F6040702020F
1D0314F40E011BF5131618070F090C1A
E604FCFE1AFC10162EFE142427091011
00EBFC12F4E0FD0CEA0601E6D8FAFFF9
F806FC10F2F6180EFD0C1704FAFF0011
EE01EBF902F7E60C0E05F70503060804
08FB101103E3FF0E17F8ED24090DFE29
001801152603021D1F10F8110DFC0101
1208100C1B0A0BEE1C1208F2061EFCF4
E70C1A1406151C231E0B0F202B0C0C0B
00FCF50F04DEF905E4E8FCFADB071905
01030D08010905040C1220F709110E03
F80AF2130E06F5050309EAFCF501F501
030D0318F7EA0A22EEED05100201FC24
0514FB0B2C10FC06101708170F0D090B
2608FA042AFD04EA32FC12F02903FAE9
DE05092AF90DFC161C0114141817FE0E
FC080908EAF3FCF6E5D4FFEBCD031010
EF110D00F819170902101DEC00171806
13EE05060FFCF60D08FFF9050001FCFD
03FD0800EAEFFE17F504FB00FC07F802
0217F60E1817001B0A22F220FCF7F2FA
32F4F2062207E5EB30FCF1E42908F8EB
E204152C03F6FC201AF40D1610000105
D800190BD20300F9E3F51003DDF50A10
EE14FC0912161B06F6120DF9E30815FE
0E12FF0113110F13FA17F90CFA04FB0F
030003EEFCFE0DFEF606FA08FE0CF309
F308F4F80D0CF60D0A01F303FD02F70D
29F2F10B1403EDF12F07FDF724E4F3E8
F411F927FC0AFA1716FAF2150AEDE600
DD0A13FCDEFC00F3EAF20DF8E4E1F60E
081CEBFF0913FE0CF8FD1B05E30A1303
191B02040B14F2FC0A09EFF301FBE1F9
F1FE09E7F80113E10710FBFB1D040401
FEFF0DEF16F9E30101F40000FBF9F50C
1401DC0F0D02EAF513EAECEB26D10FF3
0E0AFA1111F3EE0F1AEDED150EECEB0C
CC1312EEDB0618F7F8F608F004F1F706
FE0EE602FE01E916ED091105C8051DF1
030CF3F60C02FDF001F3F6FA000AF1FF
FCF80FEB0AF206F719140DE90D110E00
09E500EB1DF3FFE8FB0100EFFD0AFD0F
0AF0E40007FEDC0C19F6E3FD18E10300
FAFEF8F7FAEEF8F203E0EF0508F1EE07
D20A0EF4F41C0EF3F10B07EAFBEDFEFA
1406D4FBF10AD3F5D70DF917D3131900
010304FA0DFE05F10FF4FBF319F9EDF9
F4060BF701ED15EB0D110FEE1508FCF1
15F30CE10B03FC01FAFCF4F106F70A07
03EFE7120100D2180AFFE00C0EF3FA0D
0AFA05F70EE907070AD7020AF0DC0202
D40EFE0FDF180109E522F903060A09FC
140CD5010608E203E617F510CB130106
0BFC0FF815040EF0130A01E71913FC00
E2FEFAFBFE03F30710340EF9111304FF
2DECFBF40E04070508FC02ECFB0A050E
F700EE0AFAF2E90CFDEDEE0C0BF4FA0D
0403FEE110E215E7FFDB0503FAD60C06
CE06F5F8DC09FD0CF0240611FE1507F8
13FBE5020D1DE100F416F0F8D8FCFF0D
0003FDE60DF316DB17FFF9DE0E0817F5
EEF1FBF9ED100000041F04E50CFA1504
33D7ED12150FF1EC08020316F605050A
01E1F6FFFEF7D012FCF7D5F604F6E809
031203EF06FB12DAFDDA16E2F7E71BFC
D706FDEEE00BFEFFEA1A0D10011CFE06
1500FBEF1C14F1EFF70EF0F3ECFDF2DE
F9FBFCD207E907DA03ED00DC20F10AEC
FEF7FFF2E906F4F10103F4F30EEFF0EF
23F0E8EA1101F0EF0907030DFEFB05FB
F8ED0BE505E2DBF70902D1FA19EFE4F0
0409FCFFFA0608E7FEEE10E8F1E522F1
E611FFF5E61101EFEF1DF9FA021F0E0B
0FF3F3FF11F5EDF10E12FCF2F50BF2EB
07EDEDD4FEDFF8CFF7DD01D018F207F7
FB0AF108FD10EEE7040403F108F8EEF3
0205F0E0FE01EAE7FFFA070805F20408
06DDFAF4FCD7ECF711E3DDFA08EEEEF8
FAFA0CFAF4040EF1F0F410F9E8F411E8
EE0E08E7EF22F6E2F31704F7ED04F90F
1AFBFBFF0D00E7F6FB060102001000FA
FCEE08D30CE706E011DC07EE0BE8EEF0
F70B0509FE07F21504FAF603FFFDFBFC
F9F408DF040200F704FEF4FB0303FB04
F0EEFBFAF3EDED0110E2DBF40AFCE4E5
F3F30202EFF301F8EE070508F6EEF6FD
0314EE03FA0408F8FFFB00FAEDEB0102
0BF3F8F819E9EDEE19FCF10A140DE8F5
00F6F8E902F70BF101E4FDF507FCECFB
00FDF402FEF7F21506F505070AF701FA
E5F0EEE1F9FFF7F500FB02FC06020407
E9150200FE06F1EF2004EEEEF404F8F2
F3E7FBF301F5FDFD03F607F2E6EC0407
10FDF0F90F0E0D0EFFFA0E03FD06FFFB
0C00F8FEFAF4EE0306FDEC0A0CF6FC11
F5F40AEEEDFD1BF810FE0DF214F20AFF
06F8F90403FFF5FE12F404FC0EF802FB
0B0CEFFDF502F30A07F9FEFAF70908F8
060C08F51115F1E51905F2ED040AEEF5
0EF4F9F418D8F6F8FDEDEDFEFAF101E4
01130BFDFF0E07F4FC0203F40DFD07FD
1FF206010FF8F4ED09F5F20400F7040C
F7FC0E0014EEFE0220FB0A040D010806
08010101FCFD01FD02F604F8EC1A0DF8
0F15060AFDF005F805FDFDFF090B04FB
061AEEEA0614F1EC12F4E6EF0CFDF6FC
F9E8FB0701DFF8F102DAEEEB17F4F2EF
00061F0E0A000C0406EE02EC02EFF0F0
1EECF11020FA05070CF4171007091108
07F8F60025E3F81214E7F1FB15E10000
F9FEFBF70801FCF4FFE80708F605FD08
02EC09F0FFFBFEFBF7FC0506FDF8F8FF
00FC0A09FB0104F4FBE8F4E808EF14EE
0BE603F3F9EB00FC13F40D1913F9150B
19FCFD11FE0A17020110FB0808FFF60B
2EFA0A141F0504020E07FF0013F60108
F5ED090001EFFC0D01F507F912F70E07
0701F6FFF9F70204F906F703F2F009FF
0907F8FE07FE0801F90306FD04FDF8F9
070204F9FA1100FCF911FD0E0615ED01
26060609101BF725190C051818140E03
31F41C0023FE2610250F060D240201FE
01FB1A0C29111F13171213241A0A0D01
07FDFB100F08051309FB161B08FF1014
F6FF07FDFE02F80A060808F5F6FF0007
F5090909FAFCF906FF08F8FCF6F8FAFD
0A09F7FCF6F80803FAFFF8FC02FEF708
F70702FB02070405F9FEFF01FB030A01
0204FD01F40D01090EFF08FD12FFF8ED
FFF90A07050A0AFCFCFF090B0709F9F8
09FB0909F8F9FAFDF6F7FCFD05F6F70A
FEF8FC09FAF7FF02F9FFF70BFA07FCFC
040A02FB04FDF5040A0406FA00F903FC
09FEEBFA150BEFE71006F3F3010B06F9
260FFF001823E3E71A04F8F107FDFBF0
2BFCC9F025EA02FE2C14FBE32B1CEEED
1B22E1E32227EDF8330CDFFD2F02E4F8
0D00F1EA0DF3F2F11AF5F8ED270BE8EB
FC0400FBF500F8F8F6F6F80AF6F9F50A
0EFCF4F308FC06FD080400F90100F908
1F1CEBFF121AF4150B0CF10F16E9ECEE
0D1BED1FF824E726FD23F0200919F11B
10FBF51B0B18183614FA01230F0FEF23
37FFF9F12EF5F70024FDDD161FEADE13
2B21F9F72230FDF9273F0E0E27FF0105
090AF60AF6F804FBFA0CFA04100EFF05
09E3E4FEF7E80A080A05F9FB090805FF
1501E80D1E10EF121304EA0F10FAF2F9
F11AF413FEFEF10AF308EC1406F3E304
041C190B0518150DFB05FD00E003E819
23F5EB0B23FAF8FEFFF901FD0316080B
272809FD280DFE002F0DED161FFAF500
05FD07F70C0CFA05040501051411F71C
04E2F0F0EDEA0F1906FC0C09F706FEFD
10FE0617EF08F52DF80DF320E3FBF906
EAF9FC0D08F20915F9EF161AFCFBF518
FF070E01F904F607E800FE0DF2F90414
0C07FD0B1B041BF60F1326EBFD0F1CF8
2C1705EE1F01FE072A08FCF308140407
FD1100111103F7F32C090209310CEFFC
F3FC030DFFEAF115FF0500F9FC07F9F6
FEFA012108F704190A00EF19E205F5FE
F5F0E418F9E2FE00FDD9F910F4E1EF12
081002FBF3080302EEF5FE04EFF7F60C
2213270121162201210B10F6211E08FA
340CF8051BFF02172D0C060A321713FC
F61205111E16F4041B14FA11340BED00
EDF0F2F70C1100ECFD02FE0B040BFD00
01E2F300F6D5FA0E09E2F40BDFF7F1F1
03F4F80705D5F90004DAF9FEFBEAF2F3
1C0506061309F4FBFEFAF01403F5F115
25FD1C042EF9130A181006F71F0EFCFB
200702FB130C15FD10051AE824FC1CF7
030904062E05EA023314EEF5360DF6F2
F3E701F10A13FDF90AE401FFFA0402F8
05DAF9F9FCEA030EF0F613F6F0FE04FF
F5FDF40904E802F502DEEEDBF8D7DFF4
0703F4F512FAF614FB06FD11F7EC0610
110225040F04150919FB070212FFF207
E4040EE6E0FE0709F5F717F705F21606
0013F308100A000C2318F0E4FB0503D5
04F009F8060A0AF40AFD0312F90912FC
02E4F6ED01DF00F202DD05F1EDFA12F7
F300FBF8EFFCFDF9F9EBFCE7F9E102E6
E3F7E4FAE5F1EE03040708F4F106FAF9
BDF91901C5071B08D9FF0304D8FAF2F5
B5FBFCE9A7E915F1A5FA1BEDA8FC0DFA
0413F5F70814F000F211E1D3DE0CF2C3
FC0012F9F20E06F40AFAF702FFF5FAFE
F7E901E5F1E9FFE2FDCBF7F30EEB0AF6
E703F9EAF60707ECF70202D4FBEAF8D4
C6F4CDE5D5F4D6ECE412F9F0FA00F7F5
8E021FFB87041A059403F303B5EFCFF4
9BF60BDD90EF0CEE840613E881FC28F9
0CEAF80306F2E4FFF901D5DBC9FFF3D5
F40D01F506FFFF050BF6F3F2FE0503FB
FDF0FDD9F6FC0DDEFAF608E61CE4F5EB
0600E7EAF30EF1D40C09F9CE0C0701CE
E1F1D2EBF1F8D9DDFEEAEFD6110AEAE7
D4F91AF3C6FD1BF1D7F50503D8D7E108
A00C18D8ACE917E9BCF420F5B9FD23EC
02F6F80403EBD0E0E3F7F7DEC209EAD9
07F0F7EF15FFF7E310F717080B000409
00020CD0FA1606DF18FFF9E124F3EAD0
09F7F3E80E11FFD7101301C909050DE6
11E9E0F10DE7DAF71BD9EBEB0E00FFD8
FAF516070DF30A0103E4EEEF03E2DF08
DDFDFEE9E4F00EEDEFF115F8FFF929F3
12E2F115140DCDDFDF1AF6EBEB17FCD0
1DFB00E819F4F3E4FD0404FEF909FFF5
160E03E80E080EE1140312D022F703D6
1612F6EF0511F5F40121F9D50E14FBE9
11EBCEF81BE8DB030DE9FA0108E9FFFB
210613F32CFF03E21FEDEAE321EEDF02
050701F8001513FA20FE0BEC1DFE2100
08F1000C13E8DAF5F4F0EA06EF1A0303
32FB04F41DFBEEFE080803F100FCF8FD
190F13EB140610FF170B06F21DF815DB
071EF711FC19F305041B08FAFE1D0AE1
23E9CCF21AFDE5FB04F6E8140902F016
25FD06FC190C0CF118FCF7E616F1E3FC
0C1FFA03082310081304150920FF0EFE
FC0E0A0E0206EDFFF109F215FC03FB1B
1100FE151A00E90213F8F8F31500FC07
05121A0CFDFF1409FE022101020C0FF8
0B21E80D0D22F102FC1F0611020E0A00
0205D8FD04FDE51AF70DEC1AF119E728
0E0324160C0C10F7FF020E0704F0E605
04F4F6071A130F02130D15F827FA14FC
FC1BFF1DD320112FEC25141B03F90110
FE0C10260F03F4110301F9FE02FCFEFB
F2092719FAFF1527F80B1A16F3071011
F00EF520F81EF418FB130D16EE131710
00FBF11D120AE118F709E626FD07EE28
1C03191118050C0808FE061C0A0DF70C
0802F511100C0DF9280819141D091F04
F60E040BD925162BFC26FA12060DF715
0701FB1A0A061C0703040503080A0801
E404222C02031926FDF51223EDFA0720
F70FF019E91A0012F80FFC24EB111624
FF19FA1D0B0BF6171E03ED16FD0BF60E
18F61E0FFFFB2104091215120319051C
07FEF5082308FF0F13070A1809031303
F20B0A05E934182FED46F51A0DF0FB1B
1DFD0813F509350D1303F80300070AFE
0314241D0009031B0B0B101AF7010923
0B01F314E608F80AF222F9100911001F
F10D1113071A0B0B0906070AFF02010D
08EB0D09F1011615EE0119FBEF12130A
1DEE00FD1016010F181A141D15F10AF3
E6240B06F213131EE315082717F806FB
2AFA1129F9F72111FCF304020AE600F7
1026090F0C2607090C03FD1703170B29
04ECED030D11FAF9FF0FFF07020F0105
F8140806FB1203130A0B050D0F0B070F
05FC070FF7FD111206F8110DEF0F1B0D
1D0AF7050D0A04FD0400111708FA00FB
F213FA200813FA15F010F5250F09F514
3F0003190BF4F50008EE0BF101F602FE
01180A0E02140A080406111B0E151315
13FC0DF304040DF913020B060A1D0DF4
FB16040EFF0E0D08F5FA0DFA03FC06F8
F7030C14FE020A11000E070CF5000A0D
11000C12001A0307F4FFFF07F9FFF208
FA0C0808FA17092A11F9F50C16EEF400
2D0D1A24030CF506FAF40EE80204FA03
F5220B0FF9080AFEFB17FF0B0C0414F2
00FA03EF110401F31902FDF8041103FE
FD14FE01FC00F3F8F60506F1F3EF10FC
E7E90807EEF7050FF6F6FA05F3F8FF07
0B0B01FA0610FAEFFD141008F1F70910
F502FB0205F6121DF504FAFAF7FCFA0B
130D2621EF09161DF4FD0AFFFBFF0602
EF2501F5E40CFDF6F624040A030DFDF2
0C010CE10D0608F8111508EDFD1B03FB
1705FFEF0407F9EF0B09FBE9FE0700F5
F8F3FC14F6EF010102F1FAFBFEFD08FD
F20E17F9021311F80BFA00070CFEFEFF
06F5080707F0FF17FC02ECF6F8F717F6
E9280511001A2417F9050E0A03FFF705
F60F0AECEC0901FDF50DFD08FD0DF7F4
F80705EC010905FD0A0EFEF805080406
15E8F7F80CEDECF1021000E6011206E6
FB090B0DFF06F7FE07F4F60502F4EDF8
EEFA17ECF60816F8FB010F02F2F70303
06F807010EF4F6FA03F305E6F6FD0FEA
FC13EF0003FA0A110AF60007FCFD0105
F5E911050AF70CF5F7F5E6FFFC10DA06
FEF5180D0BF903F811F5F1FD0FFD0A02
02F2EFF6FCE1F503F8F7F7FEF7EC1110
0C0901FDF006F4F2F2EEF7EEFBEDEDFE
E50F01E0DD03FFF5D90409FEFB06FBF7
00FDFCF702DDF9F8FDE902EAFDEFFEDF
0005FCFB01010F1001FE0A05FFF9FE09
14E90AF610E808E825F0FEFA0D07050C
F90410F8F0F3FFEEF8F20CF7FDF302F7
07FFF4FE01FAF1F413F1FDEC13FF0AFD
03F2E6F0F2F8E6F5EFE0E2FF07FDEA01
EF0B0CD9E8EB03E7E5F300F2F9EDE3F0
0A09000301110604FC151500FA0E0BFA
04E903040B0A12FA090A03FAF6FC0B0A
02F403FE08F70EEC02FC2DE804EF2AF8
15FC080103EC13EEFBDC07DDECE60DF7
1107F301FCFDE6040DFEE30326DF0412
24FFEECB19F5E3D5F8E6DEED0908E3F7
FAF9FAFA04DDFAEC03F502E30A03F3E8
0604F6F802160310FF0F0406F6EDF2F6
F50807FC080207F607F909FAFEF9FE07
F7120CEFFB0B13F2F71613E7002315FD
030DF2F30AED0CF5E6EC16D6F81508E8
F2F3EADA0715EBE40617DEE6FE11EAD1
1AF2E7DE020CE9E2E3F4E0E4FCFDEEE0
0B0305F80CDA11FB1AF021EB120304D0
FB05FEF50BFAF602F7FE04080AFCFBFD
04000304FBF900080BFD0708F9F702FA
0902F0EE0103F6EC01EDED040601F4FB
15190CF80DFD04F808FEFFE909FDF6F1
F70AE604EFFDEFF30407E9ED200FFEF0
090D05FB0503FCF5F7FBF408FFFBF607
0202FBFE02EA100507F21B04120923F7
FEFCFFF80BF7F6FA01F603F9FB02FFFC
EB091ECAEDE7DE2CEEE3FB1AE311E627
F9A32BB4D23DE6F407DBD919271929F3
E221EDD71D0E39CCF6D6172E1E2313F3
E6EF1C201AD8E3C5D3C8B11026E2CBFC
0315E8FC03F70019EF01CE1E1B17F7EB
BE0716D7D61709DE09E9EF220EFEEDCF
E915F0B20627EC03AE2D3BEFFDF320A2
CCDE550033C6EB19110014EBB82B0FE4
25E231D4040203F90A0D16D641CEB0E9
E8C70404DB202D0AA7B3430014EBFDC3
FB8E05CC2109070E0B2315E70F1E12BF
F421061716FADFD526DCFE1CD8EE24FE
D915B60AFD0B54F524C516D42B1B01D3
158816EC19F6E5F60BE9EF08F639EB22
FBEA12ACD6312FEE1906212210D4DADF
3E34DDCCF6060A07A305D5CE0410C71D
FC0B15F80724F01D04FEF8B5C2B9FDD8
33F8EBC3EE142512079AFAF32FF33114
F4EDF2FA1DC1E02CFB16D5F2FF323B0A
F03E0DCFE3EDF3F210FFC8C9F50EE91D
D30AA5E7FD0AE923EDEEE60BD80510D6
F3D8AE21F51CDC1737050ADC0BE8C720
E4ECEFE7EC32F3AAF517160B161008C6
F510121CBD9852ECE4050CFB030BD413
2D001BF623FA0BCF0A0212DEC9F62FFD
F701CE1413F2E704E9D718DFF21BCFFF
E6FCDB2D01E5C51CE9E7FAD9181403D8
05391B2215E8FB08AADE17E2C1F8F5B0
1C170E1F11E011D3CB14F9213029FDE5
13C4E7CB9CE433EEE61BDDF90ECBDFEA
C4AAB531E20ED001EF19E408D6FAD41C
0FBFD9B3EA21BD10F015EC19FF3308C2
FAAC863C1EF922B008ECF6090B11EEC0
0102340C29DF3CF71FCDED0919A210E5
FDF51B07660AFF294109F411C7E0241E
08DBEDBBB5E82123FD13210FC3B41D19
12BDE9B8F0140B11F9351FE613BFFD11
121FEB02CC09ED12C61615F7F6FCF8C7
E5FC111BE5D5EE851EBF2D1015B72A25
1510D8FA19EE2CB10D19DA0F3215DBFB
01C607ED01E5C121DB0201DFE22A49B7
DEF915FA1508EEEAE32B38CFD22F17F6
0B021E2204D601D0120EE1F634B638E4
E9F4ABE9FF0FF7F51412E411C72AFF0F
0617F5091AE0895DFD8F2DEB41EBE89F
02EDEC1DE714FEFBEAD7F5FF1B09171B
F2FDFADEE51E04DFB314EF2E18D10C1B
2D971FB6F5D0E9CA21ED3A2418F40ED4
02F20C0018FE079A04C7460912050BFE
B58B35F9D0EF18A2FD2232E9ED01F54F
EB0CFAF9D41C0318C804CADCCFCE041D
DB3329BEBD1E0A0E0AA81B1F2ED65696
0910F91CDE0D19B621F2DF06222BED16
B724F6F2C909FCEC1F33ACC904171A0B
F3EF0F072EF60BCECB1507B7D8C50D16
CCFEDA0112242C442BEAC40E09D70BF6
1F9EB9B513F2B62519D7E918EA24B5FA
F1FEF304E30D06E71123C507FE11F515
09F3EA0CF012F10C12DACB3709F5FFF4
EDDFF5FA1709EE14DE17300E34B6E340
21B6BEFCF0D116131515EBF82811E9DF
E3BE081401161B33E30F151408050904
2BF5162A033DB2D806C9D2021AFF1510
1A3344A2CF1DFE1E04F0A1231EFFF618
0000F4EE0000EFD30000E1050000DFF2
00000DC90000EDE4000008E300001BE9
0000BB2C0000B6AA0000AED30000B6F8
000006080000072D000025D9000031BA
0000081700000019000022DE00001918
0000FA340000E01B0000E81600000618
000017150000E5FF00001091000024EC
000007F90000EDF4000015120000D018
0000E4B200001F120000ED220000F2EF
00001E220000EE0D0000FFD40000E51B
0000E9EE00000C17000093E500009DDC
00001E0400000E160000E0C80000E029
0000DCEE0000C704000032B20000BA19
00002ADB0000F41700000E150000EDBC
0000E8080000D5C00000CEDB000014EA
0000070B0000C7EA0000E50F000021F6
0000F6010000E009000037A800002AED
000044D00000F8EF000022F800009FB7
0000EC1500001A1E000025110000229F
0000D1FD00000B1300001D120000F7EC
000008080000E80D00001CFA00001AA9
000012D90000EC130000E3E80000F516
000009E40000F8F900000A080000010E
0000C1210000ABF2000025E300001022
000024FD0000D8130000161300001AB1
000011150000141300000DF30000E607
000023B90000B4F60000E01F0000B80E
0000FE810000EBF40000192000000EED
0000000300000E1E0000F8CB0000A4C6
00000024000000F70000032500000302
00001DEC0000D6F80000161500001116
0000C90600001218000019E20000A6C5
